#
# A fatal error has been detected by the Java Runtime Environment:
#
#  SIGSEGV (0xb) at pc=0x000000012b1cbe5c, pid=13999, tid=259
#
# JRE version: Java(TM) SE Runtime Environment (23.0.2+7) (build 23.0.2+7-58)
# Java VM: Java HotSpot(TM) 64-Bit Server VM (23.0.2+7-58, mixed mode, sharing, tiered, compressed oops, compressed class ptrs, g1 gc, bsd-aarch64)
# Problematic frame:
# C  [libjfxmedia_avf.dylib+0x3e5c]
#
# No core dump will be written. Core dumps have been disabled. To enable core dumping, try "ulimit -c unlimited" before starting Java again
#
# If you would like to submit a bug report, please visit:
#   https://bugreport.java.com/bugreport/crash.jsp
# The crash happened outside the Java Virtual Machine in native code.
# See problematic frame for where to report the bug.
#

---------------  S U M M A R Y ------------

Command Line: -javaagent:/Users/saaad/Library/Caches/JetBrains/IntelliJIdea2025.1/captureAgent/debugger-agent.jar=file:///var/folders/pm/0_qhycgn1c1dy16zxx8crj500000gn/T/capture12022111212242328325.props -ea -Didea.test.cyclic.buffer.size=1048576 -javaagent:/Users/saaad/Applications/IntelliJ IDEA Ultimate.app/Contents/lib/idea_rt.jar=53746 -Dkotlinx.coroutines.debug.enable.creation.stack.trace=false -Ddebugger.agent.enable.coroutines=true -Dkotlinx.coroutines.debug.enable.flows.stack.trace=true -Dkotlinx.coroutines.debug.enable.mutable.state.flows.stack.trace=true -Dfile.encoding=UTF-8 -Dsun.stdout.encoding=UTF-8 -Dsun.stderr.encoding=UTF-8 com.intellij.rt.junit.JUnitStarter -ideVersion5 -junit5 @w@/private/var/folders/pm/0_qhycgn1c1dy16zxx8crj500000gn/T/idea_working_dirs_junit.tmp @/private/var/folders/pm/0_qhycgn1c1dy16zxx8crj500000gn/T/idea_junit.tmp -socket53745

Host: "Mac15,3" arm64, 8 cores, 8G, Darwin 24.6.0, macOS 15.6 (24G84)
Time: Fri Dec  5 03:15:36 2025 +08 elapsed time: 2.663012 seconds (0d 0h 0m 2s)

---------------  T H R E A D  ---------------

Current thread (0x000000015c310800):  JavaThread "JavaFX Application Thread"        [_thread_in_native, id=259, stack(0x000000016a858000,0x000000016b054000) (8176K)]

Stack: [0x000000016a858000,0x000000016b054000],  sp=0x000000016b04e1b0,  free space=8152k
Native frames: (J=compiled Java code, j=interpreted, Vv=VM code, C=native code)
C  [libjfxmedia_avf.dylib+0x3e5c]
C  [libjfxmedia_avf.dylib+0x2c80]
C  [Foundation+0x6d0d8]  -[NSKeyValueObservance observeValueForKeyPath:ofObject:change:context:]+0x184
C  [Foundation+0x6d0d8]  -[NSKeyValueObservance observeValueForKeyPath:ofObject:change:context:]+0x184
C  [Foundation+0x6d0d8]  -[NSKeyValueObservance observeValueForKeyPath:ofObject:change:context:]+0x184
C  [Foundation+0x317b4]  NSKeyValueNotifyObserver+0xfc
C  [Foundation+0xde560]  NSKeyValueDidChange+0x184
C  [Foundation+0x8a0b60]  NSKeyValueDidChangeWithPerThreadPendingNotifications+0xa0
C  [AVFCore+0x67878]  -[AVPlayerItem _informObserversAboutAvailabilityOfTracks:]+0xac
C  [AVFCore+0x69624]  -[AVPlayerItem _respondToBecomingReadyForBasicInspectionWithDuration:]+0xc4
C  [AVFCore+0x8970c]  __avplayeritem_fpItemNotificationCallback_block_invoke+0x79c
C  [libdispatch.dylib+0x1b2c]  _dispatch_call_block_and_release+0x20
C  [libdispatch.dylib+0x1b85c]  _dispatch_client_callout+0x10
C  [libdispatch.dylib+0x38b80]  _dispatch_main_queue_drain.cold.5+0x32c
C  [libdispatch.dylib+0x10db0]  _dispatch_main_queue_drain+0xb4
C  [libdispatch.dylib+0x10cec]  _dispatch_main_queue_callback_4CF+0x2c
C  [CoreFoundation+0xbabe0]  __CFRUNLOOP_IS_SERVICING_THE_MAIN_DISPATCH_QUEUE__+0x10
C  [CoreFoundation+0x7b8dc]  __CFRunLoopRun+0x7bc
C  [CoreFoundation+0x7aa98]  CFRunLoopRunSpecific+0x23c
C  [HIToolbox+0xc327c]  RunCurrentEventLoopInMode+0x144
C  [HIToolbox+0xc64e8]  ReceiveNextEventCommon+0x2a4
C  [HIToolbox+0x251484]  _BlockUntilNextEventMatchingListInModeWithFilter+0x4c
C  [AppKit+0x3aa34]  _DPSNextEvent+0x2ac
C  [AppKit+0x9d9940]  -[NSApplication(NSEventRouting) _nextEventMatchingEventMask:untilDate:inMode:dequeue:]+0x2b0
C  [AppKit+0x2dbe4]  -[NSApplication run]+0x1e0
C  [libglass.dylib+0xacec]  JNI_OnLoad+0x2000
C  [Foundation+0x77f74]  __NSThreadPerformPerform+0x108
C  [CoreFoundation+0x7cb14]  __CFRUNLOOP_IS_CALLING_OUT_TO_A_SOURCE0_PERFORM_FUNCTION__+0x1c
C  [CoreFoundation+0x7caa8]  __CFRunLoopDoSource0+0xac
C  [CoreFoundation+0x7c814]  __CFRunLoopDoSources0+0xe8
C  [CoreFoundation+0x7b468]  __CFRunLoopRun+0x348
C  [CoreFoundation+0x7aa98]  CFRunLoopRunSpecific+0x23c
C  [libjli.dylib+0xce84]  CreateExecutionEnvironment+0x194
C  [libjli.dylib+0x8984]  JLI_Launch+0x480
C  [java+0x3bbc]  main+0x18c
C  [dyld+0x6b98]  start+0x17bc

siginfo: si_signo: 11 (SIGSEGV), si_code: 2 (SEGV_ACCERR), si_addr: 0x000060e70dbf1078

Registers:
 x0=0x0000600003af1040  x1=0x000000016b04e260  x2=0x000000016b04e138  x3=0x0000000000000004
 x4=0x0000000000000001  x5=0x000000016b04e260  x6=0x0000000000000001  x7=0x0000000000000003
 x8=0x000060e70dbf1040  x9=0x3def58a7f3770078 x10=0x000000015d809038 x11=0x0000000000000004
x12=0x0f00ffffffffffff x13=0x0000600003ab2300 x14=0x0000600003ab2300 x15=0x00000001f57802b0
x16=0x00000001876fb83c x17=0x00000001f67bc2e8 x18=0x0000000000000000 x19=0x0000000000000001
x20=0x00006000038c34a0 x21=0x0000000000000000 x22=0x00006000038a68d0 x23=0xa03623cf4dd8ba82
x24=0x0000000000000001 x25=0xa03623cf4dd8ba82 x26=0x0000600001ecd620 x27=0x0000000000000001
x28=0x0000600003ab2020  fp=0x000000016b04e3f0  lr=0x000000012b1cbe30  sp=0x000000016b04e1b0
pc=0x000000012b1cbe5c cpsr=0x0000000060001000

Register to memory mapping:

x0 =0x0000600003af1040 points into unknown readable memory: 0x0a000001f5890b99 | 99 0b 89 f5 01 00 00 0a
x1 =0x000000016b04e260 is pointing into the stack for thread: 0x000000015c310800
x2 =0x000000016b04e138 is pointing into the stack for thread: 0x000000015c310800
x3 =0x0000000000000004 is an unknown value
x4 =0x0000000000000001 is an unknown value
x5 =0x000000016b04e260 is pointing into the stack for thread: 0x000000015c310800
x6 =0x0000000000000001 is an unknown value
x7 =0x0000000000000003 is an unknown value
x8 =0x000060e70dbf1040 is an unknown value
x9 =0x3def58a7f3770078 is an unknown value
x10=0x000000015d809038 points into unknown readable memory: 0x0000000000000000 | 00 00 00 00 00 00 00 00
x11=0x0000000000000004 is an unknown value
x12=0x0f00ffffffffffff is an unknown value
x13=0x0000600003ab2300 points into unknown readable memory: 0x01000001f57805a9 | a9 05 78 f5 01 00 00 01
x14=0x0000600003ab2300 points into unknown readable memory: 0x01000001f57805a9 | a9 05 78 f5 01 00 00 01
x15=0x00000001f57802b0: OBJC_CLASS_$_NSTaggedPointerStringCStringContainer+0 in /System/Library/Frameworks/CoreFoundation.framework/Versions/A/CoreFoundation at 0x0000000187842000
x16=0x00000001876fb83c: _ZNSt3__112basic_stringIcNS_11char_traitsIcEENS_9allocatorIcEEEC1ERKS5_+0 in /usr/lib/libc++.1.dylib at 0x00000001876e6000
x17=0x00000001f67bc2e8 points into unknown readable memory: 0x000000018780d2c0 | c0 d2 80 87 01 00 00 00
x18=0x0 is null
x19=0x0000000000000001 is an unknown value
x20=0x00006000038c34a0 points into unknown readable memory: 0x04000001f588d155 | 55 d1 88 f5 01 00 00 04
x21=0x0 is null
x22=0x00006000038a68d0 points into unknown readable memory: 0x03000001f5781189 | 89 11 78 f5 01 00 00 03
x23=0xa03623cf4dd8ba82 is an unknown value
x24=0x0000000000000001 is an unknown value
x25=0xa03623cf4dd8ba82 is an unknown value
x26=0x0000600001ecd620 points into unknown readable memory: 0x000000012b1a82d8 | d8 82 1a 2b 01 00 00 00
x27=0x0000000000000001 is an unknown value
x28=0x0000600003ab2020 points into unknown readable memory: 0x01000001f57806e9 | e9 06 78 f5 01 00 00 01
 fp=0x000000016b04e3f0 is pointing into the stack for thread: 0x000000015c310800
 lr=0x000000012b1cbe30: <offset 0x3e30> in /Users/saaad/.openjfx/cache/21.0.6+3/aarch64/libjfxmedia_avf.dylib at 0x000000012b1c8000
 sp=0x000000016b04e1b0 is pointing into the stack for thread: 0x000000015c310800

Top of Stack: (sp=0x000000016b04e1b0)
0x000000016b04e1b0:   0000000000000001 00000001f89495b0
0x000000016b04e1c0:   0000000000000001 00000001f8949750
0x000000016b04e1d0:   00000001f8949570 00000000f5786c48
0x000000016b04e1e0:   0000000000000001 0000600003ab2020
0x000000016b04e1f0:   00000001f8949550 00006000038c33e0
0x000000016b04e200:   0000000000000001 0000000000000001
0x000000016b04e210:   0000000000000001 00006000008e0630
0x000000016b04e220:   000000040235d1c7 a03623f8455839ba
0x000000016b04e230:   000000016b04e2a0 00000001873e2110
0x000000016b04e240:   0000600003ab1d00 00000001f5786c48
0x000000016b04e250:   000000016b04e228 0000000000000000
0x000000016b04e260:   0000000000646e75 0000000000000000
0x000000016b04e270:   03000000ffcf6401 7254206f69647541
0x000000016b04e280:   00000031206b6361 0d00600001eb0fc0
0x000000016b04e290:   000000000000000c 00006000008e0630
0x000000016b04e2a0:   000000016b04e310 00000001873e20ac
0x000000016b04e2b0:   ffffffffffffffff 00006000038c33e8
0x000000016b04e2c0:   0000000187be3bd8 0000000000000000
0x000000016b04e2d0:   0000000000000000 0000000000000000
0x000000016b04e2e0:   0000000000000000 0000000000000000
0x000000016b04e2f0:   00006000008e0630 00006000020d0ac0
0x000000016b04e300:   00006000008e0630 000000012b1d4498
0x000000016b04e310:   000000016b04e3f0 00000001873e1b84
0x000000016b04e320:   00006000038c33e0 0000000000000000
0x000000016b04e330:   0000000000000001 0000000000000000
0x000000016b04e340:   0706050403020100 0f0e0d0c0b0a0908
0x000000016b04e350:   00000001f6d62260 00000001f6d62280
0x000000016b04e360:   0000000000000000 0000000000000000
0x000000016b04e370:   3def58a7f3770078 0000000000000000
0x000000016b04e380:   422d05ffe26e9a8f bff0000000000000
0x000000016b04e390:   0000000000000000 41c7710aac10b3a2
0x000000016b04e3a0:   ffffffff76ffffff 0000000000000000 

Instructions: (pc=0x000000012b1cbe5c)
0x000000012b1cbd5c:   f9 43 04 10 1f 20 03 d5 49 00 00 14 28 66 8c 52
0x000000012b1cbd6c:   c8 2e ac 72 1f 00 08 6b 20 0b 00 54 a8 6d 8c 52
0x000000012b1cbd7c:   08 8e ad 72 1f 00 08 6b e0 0a 00 54 28 66 8c 52
0x000000012b1cbd8c:   c8 0e ad 72 1f 00 08 6b 61 e0 ff 54 c8 00 80 52
0x000000012b1cbd9c:   00 ff ff 17 1c 00 80 d2 39 00 00 14 58 00 80 52
0x000000012b1cbdac:   00 0c 80 52 91 0f 00 94 fa 03 00 aa e0 03 14 aa
0x000000012b1cbdbc:   01 15 00 94 f3 03 00 aa e0 1f 40 f9 21 10 00 94
0x000000012b1cbdcc:   fc 03 00 aa a4 11 00 94 e1 03 00 aa e0 23 03 91
0x000000012b1cbddc:   f0 02 00 94 e0 03 14 aa f7 12 00 94 fb 03 00 aa
0x000000012b1cbdec:   e0 03 19 aa 17 10 00 94 f7 03 00 aa 9a 11 00 94
0x000000012b1cbdfc:   e1 03 00 aa e0 c3 02 91 e6 02 00 94 61 7e 40 93
0x000000012b1cbe0c:   e2 23 03 91 e5 c3 02 91 e0 03 1a aa e3 77 40 b9
0x000000012b1cbe1c:   e4 03 1b aa e6 03 18 aa 67 00 80 52 00 41 20 1e
0x000000012b1cbe2c:   39 0f 00 94 e8 1f c3 39 68 00 f8 36 e0 5b 40 f9
0x000000012b1cbe3c:   68 0f 00 94 e8 7f c3 39 68 00 f8 36 e0 67 40 f9
0x000000012b1cbe4c:   64 0f 00 94 e8 37 40 f9 00 15 40 f9 08 00 40 f9
0x000000012b1cbe5c:   08 1d 40 f9 e1 03 1a aa 00 01 3f d6 48 03 40 f9
0x000000012b1cbe6c:   08 05 40 f9 e0 03 1a aa 00 01 3f d6 e8 1b 40 f9
0x000000012b1cbe7c:   08 05 00 11 e8 1b 00 f9 f9 03 17 aa e0 03 16 aa
0x000000012b1cbe8c:   ea 0f 00 94 e0 03 19 aa e8 0f 00 94 e0 03 1c aa
0x000000012b1cbe9c:   e6 0f 00 94 e0 3f 40 f9 e4 0f 00 94 e0 03 14 aa
0x000000012b1cbeac:   e2 0f 00 94 b5 06 00 91 e0 2f 40 f9 1f 00 15 eb
0x000000012b1cbebc:   f4 27 40 f9 c1 ce ff 54 09 00 00 14 48 00 80 52
0x000000012b1cbecc:   b4 fe ff 17 68 00 80 52 b2 fe ff 17 a8 00 80 52
0x000000012b1cbedc:   b0 fe ff 17 28 00 80 52 ae fe ff 17 e2 03 04 91
0x000000012b1cbeec:   a3 03 04 d1 e0 03 14 aa 04 02 80 52 0a 12 00 94
0x000000012b1cbefc:   a0 cc ff b5 e0 03 14 aa cc 0f 00 94 e8 2f 40 b9
0x000000012b1cbf0c:   c8 00 00 36 e0 37 40 f9 0b 12 00 94 03 00 00 14
0x000000012b1cbf1c:   e0 03 14 aa c5 0f 00 94 e0 03 14 aa c3 0f 00 94
0x000000012b1cbf2c:   a8 03 58 f8 1f 20 03 d5 29 0b 04 58 29 01 40 f9
0x000000012b1cbf3c:   3f 01 08 eb 61 01 00 54 ff 43 07 91 fd 7b 47 a9
0x000000012b1cbf4c:   f4 4f 46 a9 f6 57 45 a9 f8 5f 44 a9 fa 67 43 a9 


Stack slot to memory mapping:

stack at sp + 0 slots: 0x0000000000000001 is an unknown value
stack at sp + 1 slots: 0x00000001f89495b0: <offset 0x599dd5b0> in /System/Library/PrivateFrameworks/AVFCore.framework/Versions/A/AVFCore at 0x000000019ef6c000
stack at sp + 2 slots: 0x0000000000000001 is an unknown value
stack at sp + 3 slots: 0x00000001f8949750: <offset 0x599dd750> in /System/Library/PrivateFrameworks/AVFCore.framework/Versions/A/AVFCore at 0x000000019ef6c000
stack at sp + 4 slots: 0x00000001f8949570: <offset 0x599dd570> in /System/Library/PrivateFrameworks/AVFCore.framework/Versions/A/AVFCore at 0x000000019ef6c000
stack at sp + 5 slots: 0x00000000f5786c48 is an unknown value
stack at sp + 6 slots: 0x0000000000000001 is an unknown value
stack at sp + 7 slots: 0x0000600003ab2020 points into unknown readable memory: 0x01000001f57806e9 | e9 06 78 f5 01 00 00 01

Lock stack of current Java thread (top to bottom):


---------------  P R O C E S S  ---------------

Threads class SMR info:
_java_thread_list=0x0000600003a65320, length=46, elements={
0x000000015c808c00, 0x000000015c011200, 0x000000015c817c00, 0x000000015c009600,
0x000000013c80a400, 0x000000015e0ac400, 0x000000015e0aa000, 0x000000015c820400,
0x000000015e0aa800, 0x000000015d812c00, 0x000000015c118600, 0x000000015c114400,
0x000000015e11b800, 0x000000015cd0ee00, 0x000000015c2cfa00, 0x000000015cd21400,
0x000000015c2d5a00, 0x0000000129811800, 0x000000015c310800, 0x000000015e610200,
0x000000015dc69400, 0x000000015cf6ca00, 0x000000015cf74200, 0x000000015cf7aa00,
0x000000015dc7e000, 0x000000015dca9600, 0x000000015dc78000, 0x000000015cf8ac00,
0x000000015e739200, 0x000000015e746400, 0x000000015e761a00, 0x000000013c84aa00,
0x000000015e52b800, 0x0000000129847a00, 0x000000015dc70c00, 0x000000015e770400,
0x000000015dc71400, 0x000000015e616400, 0x000000015c42de00, 0x000000015dc61200,
0x000000015dc9fa00, 0x000000015dca0200, 0x000000013c86fe00, 0x000000015dd0ae00,
0x000000013d064000, 0x000000015e617200
}

Java Threads: ( => current thread )
  0x000000015c808c00 JavaThread "main"                              [_thread_blocked, id=4611, stack(0x000000016b0e0000,0x000000016b2e3000) (2060K)]
  0x000000015c011200 JavaThread "Reference Handler"          daemon [_thread_blocked, id=24323, stack(0x000000016c258000,0x000000016c45b000) (2060K)]
  0x000000015c817c00 JavaThread "Finalizer"                  daemon [_thread_blocked, id=24835, stack(0x000000016c464000,0x000000016c667000) (2060K)]
  0x000000015c009600 JavaThread "Signal Dispatcher"          daemon [_thread_blocked, id=29187, stack(0x000000016c670000,0x000000016c873000) (2060K)]
  0x000000013c80a400 JavaThread "Service Thread"             daemon [_thread_blocked, id=28931, stack(0x000000016c87c000,0x000000016ca7f000) (2060K)]
  0x000000015e0ac400 JavaThread "Monitor Deflation Thread"   daemon [_thread_blocked, id=25603, stack(0x000000016ca88000,0x000000016cc8b000) (2060K)]
  0x000000015e0aa000 JavaThread "C2 CompilerThread0"         daemon [_thread_in_native, id=26115, stack(0x000000016cc94000,0x000000016ce97000) (2060K)]
  0x000000015c820400 JavaThread "C1 CompilerThread0"         daemon [_thread_blocked, id=26627, stack(0x000000016cea0000,0x000000016d0a3000) (2060K)]
  0x000000015e0aa800 JavaThread "Common-Cleaner"             daemon [_thread_blocked, id=28163, stack(0x000000016d0ac000,0x000000016d2af000) (2060K)]
  0x000000015d812c00 JavaThread "IntelliJ Suspend Helper"    daemon [_thread_blocked, id=27907, stack(0x000000016d2b8000,0x000000016d4bb000) (2060K)]
  0x000000015c118600 JavaThread "Monitor Ctrl-Break"         daemon [_thread_in_native, id=27395, stack(0x000000016d4c4000,0x000000016d6c7000) (2060K)]
  0x000000015c114400 JavaThread "Notification Thread"        daemon [_thread_blocked, id=32771, stack(0x000000016d6d0000,0x000000016d8d3000) (2060K)]
  0x000000015e11b800 JavaThread "Attach Listener"            daemon [_thread_blocked, id=43267, stack(0x000000016d8dc000,0x000000016dadf000) (2060K)]
  0x000000015cd0ee00 JavaThread "RMI TCP Accept-0"           daemon [_thread_in_native, id=35587, stack(0x000000016e524000,0x000000016e727000) (2060K)]
  0x000000015c2cfa00 JavaThread "RMI TCP Connection(1)-127.0.0.1" daemon [_thread_in_native, id=35843, stack(0x000000016e730000,0x000000016e933000) (2060K)]
  0x000000015cd21400 JavaThread "RMI Scheduler(0)"           daemon [_thread_blocked, id=36099, stack(0x000000016e93c000,0x000000016eb3f000) (2060K)]
  0x000000015c2d5a00 JavaThread "JMX server connection timeout 32" daemon [_thread_blocked, id=41731, stack(0x000000016eb48000,0x000000016ed4b000) (2060K)]
  0x0000000129811800 JavaThread "InvokeLaterDispatcher"      daemon [_thread_blocked, id=46595, stack(0x000000016f378000,0x000000016f57b000) (2060K)]
=>0x000000015c310800 JavaThread "JavaFX Application Thread"         [_thread_in_native, id=259, stack(0x000000016a858000,0x000000016b054000) (8176K)]
  0x000000015e610200 JavaThread "Media Resource Disposer"    daemon [_thread_blocked, id=102147, stack(0x0000000310004000,0x0000000310207000) (2060K)]
  0x000000015dc69400 JavaThread "PulseTimer-CVDisplayLink thread" daemon [_thread_in_native, id=103687, stack(0x000000016fa4c000,0x000000016facf000) (524K)]
  0x000000015cf6ca00 JavaThread "JFXMedia Player EventQueueThread" daemon [_thread_blocked, id=109571, stack(0x0000000311044000,0x0000000311247000) (2060K)]
  0x000000015cf74200 JavaThread "JFXMedia Player EventQueueThread" daemon [_thread_blocked, id=110083, stack(0x0000000311250000,0x0000000311453000) (2060K)]
  0x000000015cf7aa00 JavaThread "JFXMedia Player EventQueueThread" daemon [_thread_blocked, id=174339, stack(0x000000031145c000,0x000000031165f000) (2060K)]
  0x000000015dc7e000 JavaThread "Prism Font Disposer"        daemon [_thread_blocked, id=173571, stack(0x00000003116f4000,0x00000003118f7000) (2060K)]
  0x000000015dca9600 JavaThread "Thread-198"                 daemon [_thread_blocked, id=173059, stack(0x0000000311900000,0x0000000311b03000) (2060K)]
  0x000000015dc78000 JavaThread "JFXMedia Player EventQueueThread" daemon [_thread_blocked, id=172547, stack(0x0000000311b0c000,0x0000000311d0f000) (2060K)]
  0x000000015cf8ac00 JavaThread "JFXMedia Player EventQueueThread" daemon [_thread_blocked, id=135683, stack(0x0000000312178000,0x000000031237b000) (2060K)]
  0x000000015e739200 JavaThread "JFXMedia Player EventQueueThread" daemon [_thread_blocked, id=135939, stack(0x0000000312384000,0x0000000312587000) (2060K)]
  0x000000015e746400 JavaThread "JFXMedia Player EventQueueThread" daemon [_thread_blocked, id=137219, stack(0x00000003127c0000,0x00000003129c3000) (2060K)]
  0x000000015e761a00 JavaThread "JFXMedia Player EventQueueThread" daemon [_thread_blocked, id=168963, stack(0x0000000312ae4000,0x0000000312ce7000) (2060K)]
  0x000000013c84aa00 JavaThread "JFXMedia Player EventQueueThread" daemon [_thread_blocked, id=168707, stack(0x0000000312cf0000,0x0000000312ef3000) (2060K)]
  0x000000015e52b800 JavaThread "JFXMedia Player EventQueueThread" daemon [_thread_blocked, id=140291, stack(0x0000000313014000,0x0000000313217000) (2060K)]
  0x0000000129847a00 JavaThread "JFXMedia Player EventQueueThread" daemon [_thread_blocked, id=140039, stack(0x0000000313220000,0x0000000313423000) (2060K)]
  0x000000015dc70c00 JavaThread "JFXMedia Player EventQueueThread" daemon [_thread_blocked, id=167171, stack(0x0000000313544000,0x0000000313747000) (2060K)]
  0x000000015e770400 JavaThread "JFXMedia Player EventQueueThread" daemon [_thread_blocked, id=166147, stack(0x0000000313868000,0x0000000313a6b000) (2060K)]
  0x000000015dc71400 JavaThread "JFXMedia Player EventQueueThread" daemon [_thread_blocked, id=141827, stack(0x0000000313a74000,0x0000000313c77000) (2060K)]
  0x000000015e616400 JavaThread "JFXMedia Player EventQueueThread" daemon [_thread_blocked, id=118027, stack(0x0000000310210000,0x0000000310413000) (2060K)]
  0x000000015c42de00 JavaThread "JFXMedia Player EventQueueThread" daemon [_thread_blocked, id=114183, stack(0x0000000310858000,0x0000000310a5b000) (2060K)]
  0x000000015dc61200 JavaThread "JFXMedia Player EventQueueThread" daemon [_thread_blocked, id=165379, stack(0x0000000310b7c000,0x0000000310d7f000) (2060K)]
  0x000000015dc9fa00 JavaThread "JFXMedia Player EventQueueThread" daemon [_thread_blocked, id=164867, stack(0x0000000313d98000,0x0000000313f9b000) (2060K)]
  0x000000015dca0200 JavaThread "JFXMedia Player EventQueueThread" daemon [_thread_blocked, id=163331, stack(0x00000003140bc000,0x00000003142bf000) (2060K)]
  0x000000013c86fe00 JavaThread "JFXMedia Player EventQueueThread" daemon [_thread_blocked, id=144131, stack(0x00000003142c8000,0x00000003144cb000) (2060K)]
  0x000000015dd0ae00 JavaThread "JFXMedia Player EventQueueThread" daemon [_thread_blocked, id=162051, stack(0x00000003145ec000,0x00000003147ef000) (2060K)]
  0x000000013d064000 JavaThread "JFXMedia Player EventQueueThread" daemon [_thread_blocked, id=145667, stack(0x000000031499c000,0x0000000314b9f000) (2060K)]
  0x000000015e617200 JavaThread "JFXMedia Player EventQueueThread" daemon [_thread_blocked, id=146179, stack(0x0000000314d4c000,0x0000000314f4f000) (2060K)]
Total: 46

Other Threads:
  0x000000015d10db00 VMThread "VM Thread"                           [id=17923, stack(0x000000016bf34000,0x000000016c137000) (2060K)]
  0x000000015d10bff0 WatcherThread "VM Periodic Task Thread"        [id=17411, stack(0x000000016bd28000,0x000000016bf2b000) (2060K)]
  0x000000015d106ed0 WorkerThread "GC Thread#0"                     [id=14339, stack(0x000000016b2ec000,0x000000016b4ef000) (2060K)]
  0x000000015d052c80 WorkerThread "GC Thread#1"                     [id=33795, stack(0x000000016dae8000,0x000000016dceb000) (2060K)]
  0x000000015d0531f0 WorkerThread "GC Thread#2"                     [id=34307, stack(0x000000016dcf4000,0x000000016def7000) (2060K)]
  0x000000015be2b740 WorkerThread "GC Thread#3"                     [id=43011, stack(0x000000016df00000,0x000000016e103000) (2060K)]
  0x000000015be2c0a0 WorkerThread "GC Thread#4"                     [id=35075, stack(0x000000016e10c000,0x000000016e30f000) (2060K)]
  0x000000015be2ca00 WorkerThread "GC Thread#5"                     [id=35331, stack(0x000000016e318000,0x000000016e51b000) (2060K)]
  0x000000015bf62770 WorkerThread "GC Thread#6"                     [id=63747, stack(0x000000016ef60000,0x000000016f163000) (2060K)]
  0x000000015bf62b10 WorkerThread "GC Thread#7"                     [id=46083, stack(0x000000016f16c000,0x000000016f36f000) (2060K)]
  0x000000015d107670 ConcurrentGCThread "G1 Main Marker"            [id=12803, stack(0x000000016b4f8000,0x000000016b6fb000) (2060K)]
  0x000000015d107ff0 WorkerThread "G1 Conc#0"                       [id=13827, stack(0x000000016b704000,0x000000016b907000) (2060K)]
  0x000000015d08dd40 WorkerThread "G1 Conc#1"                       [id=80647, stack(0x000000016f7b4000,0x000000016f9b7000) (2060K)]
  0x000000015e095a00 ConcurrentGCThread "G1 Refine#0"               [id=16643, stack(0x000000016b910000,0x000000016bb13000) (2060K)]
  0x000000015d10a510 ConcurrentGCThread "G1 Service"                [id=16899, stack(0x000000016bb1c000,0x000000016bd1f000) (2060K)]
Total: 15

Threads with active compile tasks:
C2 CompilerThread0  2695 2727       4       java.lang.invoke.MethodType::makeImpl (109 bytes)
Total: 1

VM state: not at safepoint (normal execution)

VM Mutex/Monitor currently owned by a thread: None

Heap address: 0x0000000780000000, size: 2048 MB, Compressed Oops mode: Zero based, Oop shift amount: 3

CDS archive(s) mapped at: [0x0000007800000000-0x0000007800d94000-0x0000007800d94000), size 14237696, SharedBaseAddress: 0x0000007800000000, ArchiveRelocationMode: 1.
Compressed class space mapped at: 0x0000007801000000-0x0000007841000000, reserved size: 1073741824
Narrow klass base: 0x0000007800000000, Narrow klass shift: 0, Narrow klass range: 0x100000000

GC Precious Log:
 CardTable entry size: 512
 Card Set container configuration: InlinePtr #cards 5 size 8 Array Of Cards #cards 10 size 36 Howl #buckets 4 coarsen threshold 1843 Howl Bitmap #cards 512 size 80 coarsen threshold 460 Card regions per heap region 1 cards per card region 2048
 CPUs: 8 total, 8 available
 Memory: 8192M
 Large Page Support: Disabled
 NUMA Support: Disabled
 Compressed Oops: Enabled (Zero based)
 Heap Region Size: 1M
 Heap Min Capacity: 8M
 Heap Initial Capacity: 128M
 Heap Max Capacity: 2G
 Pre-touch: Disabled
 Parallel Workers: 8
 Concurrent Workers: 2
 Concurrent Refinement Workers: 8
 Periodic GC: Disabled

Heap:
 garbage-first heap   total reserved 2097152K, committed 43008K, used 18255K [0x0000000780000000, 0x0000000800000000)
  region size 1024K, 11 young (11264K), 2 survivors (2048K)
 Metaspace       used 23810K, committed 24192K, reserved 1114112K
  class space    used 3213K, committed 3392K, reserved 1048576K

Heap Regions: E=young(eden), S=young(survivor), O=old, HS=humongous(starts), HC=humongous(continues), CS=collection set, F=free, TAMS=top-at-mark-start, PB=parsable bottom
|   0|0x0000000780000000, 0x0000000780100000, 0x0000000780100000|100%| O|  |TAMS 0x0000000780000000| PB 0x0000000780000000| Untracked |  0
|   1|0x0000000780100000, 0x0000000780200000, 0x0000000780200000|100%| O|  |TAMS 0x0000000780100000| PB 0x0000000780100000| Untracked |  0
|   2|0x0000000780200000, 0x0000000780300000, 0x0000000780300000|100%| O|  |TAMS 0x0000000780200000| PB 0x0000000780200000| Untracked |  0
|   3|0x0000000780300000, 0x000000078037f670, 0x0000000780400000| 49%| O|  |TAMS 0x0000000780300000| PB 0x0000000780300000| Untracked |  0
|   4|0x0000000780400000, 0x0000000780500000, 0x0000000780500000|100%| O|  |TAMS 0x0000000780400000| PB 0x0000000780400000| Untracked |  0
|   5|0x0000000780500000, 0x0000000780600000, 0x0000000780600000|100%| O|  |TAMS 0x0000000780500000| PB 0x0000000780500000| Untracked |  0
|   6|0x0000000780600000, 0x0000000780700000, 0x0000000780700000|100%| O|  |TAMS 0x0000000780600000| PB 0x0000000780600000| Untracked |  0
|   7|0x0000000780700000, 0x00000007807d5020, 0x0000000780800000| 83%| O|  |TAMS 0x0000000780700000| PB 0x0000000780700000| Untracked |  0
|   8|0x0000000780800000, 0x0000000780800000, 0x0000000780900000|  0%| F|  |TAMS 0x0000000780800000| PB 0x0000000780800000| Untracked |  0
|   9|0x0000000780900000, 0x0000000780900000, 0x0000000780a00000|  0%| F|  |TAMS 0x0000000780900000| PB 0x0000000780900000| Untracked |  0
|  10|0x0000000780a00000, 0x0000000780a00000, 0x0000000780b00000|  0%| F|  |TAMS 0x0000000780a00000| PB 0x0000000780a00000| Untracked |  0
|  11|0x0000000780b00000, 0x0000000780b00000, 0x0000000780c00000|  0%| F|  |TAMS 0x0000000780b00000| PB 0x0000000780b00000| Untracked |  0
|  12|0x0000000780c00000, 0x0000000780c00000, 0x0000000780d00000|  0%| F|  |TAMS 0x0000000780c00000| PB 0x0000000780c00000| Untracked |  0
|  13|0x0000000780d00000, 0x0000000780d7f830, 0x0000000780e00000| 49%| S|CS|TAMS 0x0000000780d00000| PB 0x0000000780d00000| Complete |  0
|  14|0x0000000780e00000, 0x0000000780f00000, 0x0000000780f00000|100%| S|CS|TAMS 0x0000000780e00000| PB 0x0000000780e00000| Complete |  0
|  15|0x0000000780f00000, 0x0000000780f00000, 0x0000000781000000|  0%| F|  |TAMS 0x0000000780f00000| PB 0x0000000780f00000| Untracked |  0
|  16|0x0000000781000000, 0x0000000781000000, 0x0000000781100000|  0%| F|  |TAMS 0x0000000781000000| PB 0x0000000781000000| Untracked |  0
|  17|0x0000000781100000, 0x0000000781100000, 0x0000000781200000|  0%| F|  |TAMS 0x0000000781100000| PB 0x0000000781100000| Untracked |  0
|  18|0x0000000781200000, 0x0000000781200000, 0x0000000781300000|  0%| F|  |TAMS 0x0000000781200000| PB 0x0000000781200000| Untracked |  0
|  19|0x0000000781300000, 0x0000000781300000, 0x0000000781400000|  0%| F|  |TAMS 0x0000000781300000| PB 0x0000000781300000| Untracked |  0
|  20|0x0000000781400000, 0x0000000781400000, 0x0000000781500000|  0%| F|  |TAMS 0x0000000781400000| PB 0x0000000781400000| Untracked |  0
|  21|0x0000000781500000, 0x0000000781500000, 0x0000000781600000|  0%| F|  |TAMS 0x0000000781500000| PB 0x0000000781500000| Untracked |  0
|  22|0x0000000781600000, 0x0000000781600000, 0x0000000781700000|  0%| F|  |TAMS 0x0000000781600000| PB 0x0000000781600000| Untracked |  0
|  23|0x0000000781700000, 0x0000000781700000, 0x0000000781800000|  0%| F|  |TAMS 0x0000000781700000| PB 0x0000000781700000| Untracked |  0
|  24|0x0000000781800000, 0x0000000781800000, 0x0000000781900000|  0%| F|  |TAMS 0x0000000781800000| PB 0x0000000781800000| Untracked |  0
|  25|0x0000000781900000, 0x0000000781900000, 0x0000000781a00000|  0%| F|  |TAMS 0x0000000781900000| PB 0x0000000781900000| Untracked |  0
|  26|0x0000000781a00000, 0x0000000781a00000, 0x0000000781b00000|  0%| F|  |TAMS 0x0000000781a00000| PB 0x0000000781a00000| Untracked |  0
|  27|0x0000000781b00000, 0x0000000781b00000, 0x0000000781c00000|  0%| F|  |TAMS 0x0000000781b00000| PB 0x0000000781b00000| Untracked |  0
|  28|0x0000000781c00000, 0x0000000781c00000, 0x0000000781d00000|  0%| F|  |TAMS 0x0000000781c00000| PB 0x0000000781c00000| Untracked |  0
|  29|0x0000000781d00000, 0x0000000781d00000, 0x0000000781e00000|  0%| F|  |TAMS 0x0000000781d00000| PB 0x0000000781d00000| Untracked |  0
|  30|0x0000000781e00000, 0x0000000781e00000, 0x0000000781f00000|  0%| F|  |TAMS 0x0000000781e00000| PB 0x0000000781e00000| Untracked |  0
|  31|0x0000000781f00000, 0x0000000781f00000, 0x0000000782000000|  0%| F|  |TAMS 0x0000000781f00000| PB 0x0000000781f00000| Untracked |  0
|  32|0x0000000782000000, 0x00000007820257b0, 0x0000000782100000| 14%| E|  |TAMS 0x0000000782000000| PB 0x0000000782000000| Complete |  0
| 109|0x0000000786d00000, 0x0000000786e00000, 0x0000000786e00000|100%| E|CS|TAMS 0x0000000786d00000| PB 0x0000000786d00000| Complete |  0
| 110|0x0000000786e00000, 0x0000000786f00000, 0x0000000786f00000|100%| E|CS|TAMS 0x0000000786e00000| PB 0x0000000786e00000| Complete |  0
| 111|0x0000000786f00000, 0x0000000787000000, 0x0000000787000000|100%| E|CS|TAMS 0x0000000786f00000| PB 0x0000000786f00000| Complete |  0
| 112|0x0000000787000000, 0x0000000787100000, 0x0000000787100000|100%| E|CS|TAMS 0x0000000787000000| PB 0x0000000787000000| Complete |  0
| 113|0x0000000787100000, 0x0000000787200000, 0x0000000787200000|100%| E|CS|TAMS 0x0000000787100000| PB 0x0000000787100000| Complete |  0
| 126|0x0000000787e00000, 0x0000000787f00000, 0x0000000787f00000|100%| E|CS|TAMS 0x0000000787e00000| PB 0x0000000787e00000| Complete |  0
| 127|0x0000000787f00000, 0x0000000788000000, 0x0000000788000000|100%| E|CS|TAMS 0x0000000787f00000| PB 0x0000000787f00000| Complete |  0
|2046|0x00000007ffe00000, 0x00000007fff00000, 0x00000007fff00000|100%| O|  |TAMS 0x00000007ffe00000| PB 0x00000007ffe00000| Untracked |  0
|2047|0x00000007fff00000, 0x0000000800000000, 0x0000000800000000|100%| E|CS|TAMS 0x00000007fff00000| PB 0x00000007fff00000| Complete |  0

Card table byte_map: [0x0000000105624000,0x0000000105a24000] _byte_map_base: 0x0000000101a24000

Marking Bits: (CMBitMap*) 0x000000015e031410
 Bits: [0x000000011e8b8000, 0x00000001208b8000)

Polling page: 0x0000000104e40000

Metaspace:

Usage:
  Non-class:     20.11 MB used.
      Class:      3.14 MB used.
       Both:     23.25 MB used.

Virtual space:
  Non-class space:       64.00 MB reserved,      20.31 MB ( 32%) committed,  1 nodes.
      Class space:        1.00 GB reserved,       3.31 MB ( <1%) committed,  1 nodes.
             Both:        1.06 GB reserved,      23.62 MB (  2%) committed. 

Chunk freelists:
   Non-Class:  10.75 MB
       Class:  12.55 MB
        Both:  23.30 MB

MaxMetaspaceSize: unlimited
CompressedClassSpaceSize: 1.00 GB
Initial GC threshold: 21.00 MB
Current GC threshold: 35.56 MB
CDS: on
 - commit_granule_bytes: 65536.
 - commit_granule_words: 8192.
 - virtual_space_node_default_size: 8388608.
 - enlarge_chunks_in_place: 1.
 - use_allocation_guard: 0.


Internal statistics:

num_allocs_failed_limit: 3.
num_arena_births: 390.
num_arena_deaths: 2.
num_vsnodes_births: 2.
num_vsnodes_deaths: 0.
num_space_committed: 378.
num_space_uncommitted: 0.
num_chunks_returned_to_freelist: 6.
num_chunks_taken_from_freelist: 959.
num_chunk_merges: 3.
num_chunk_splits: 576.
num_chunks_enlarged: 376.
num_inconsistent_stats: 0.

CodeHeap 'non-profiled nmethods': size=120048Kb used=790Kb max_used=790Kb free=119257Kb
 bounds [0x000000011737c000, 0x00000001175ec000, 0x000000011e8b8000]
CodeHeap 'profiled nmethods': size=120016Kb used=4810Kb max_used=4810Kb free=115205Kb
 bounds [0x000000010f8b8000, 0x000000010fd78000, 0x0000000116dec000]
CodeHeap 'non-nmethods': size=5696Kb used=1535Kb max_used=1535Kb free=4160Kb
 bounds [0x0000000116dec000, 0x000000011705c000, 0x000000011737c000]
CodeCache: size=245760Kb, used=7135Kb, max_used=7135Kb, free=238622Kb
 total_blobs=3737, nmethods=3014, adapters=632, full_count=0
Compilation: enabled, stopped_count=0, restarted_count=0

Compilation events (20 events):
Event: 2.661 Thread 0x000000015c820400 nmethod 3019 0x000000010fd48c88 code [0x000000010fd48d80, 0x000000010fd48e80]
Event: 2.661 Thread 0x000000015c820400 3020       3       java.lang.Thread$ThreadNumbering::next (14 bytes)
Event: 2.661 Thread 0x000000015c820400 nmethod 3020 0x000000010fd48f88 code [0x000000010fd49080, 0x000000010fd49178]
Event: 2.661 Thread 0x000000015c820400 3014       3       java.nio.MappedByteBuffer::position (6 bytes)
Event: 2.661 Thread 0x000000015c820400 nmethod 3014 0x000000010fd49288 code [0x000000010fd493c0, 0x000000010fd49600]
Event: 2.661 Thread 0x000000015c820400 3021       3       javafx.beans.property.DoublePropertyBase::<init> (25 bytes)
Event: 2.661 Thread 0x000000015c820400 nmethod 3021 0x000000010fd49688 code [0x000000010fd49800, 0x000000010fd49b78]
Event: 2.661 Thread 0x000000015c820400 3031       3       javafx.collections.ListChangeBuilder::endChange (32 bytes)
Event: 2.661 Thread 0x000000015c820400 nmethod 3031 0x000000010fd49c08 code [0x000000010fd49d40, 0x000000010fd49fa8]
Event: 2.661 Thread 0x000000015c820400 3026       3       javafx.css.StyleableObjectProperty::set (13 bytes)
Event: 2.661 Thread 0x000000015c820400 nmethod 3026 0x000000010fd4a008 code [0x000000010fd4a140, 0x000000010fd4a318]
Event: 2.661 Thread 0x000000015c820400 3030       3       javafx.scene.shape.Shape::getFill (24 bytes)
Event: 2.661 Thread 0x000000015c820400 nmethod 3030 0x000000010fd4a388 code [0x000000010fd4a500, 0x000000010fd4a9d0]
Event: 2.661 Thread 0x000000015c820400 3022       3       javafx.scene.Parent::requestLayout (14 bytes)
Event: 2.662 Thread 0x000000015c820400 nmethod 3022 0x000000010fd4aa88 code [0x000000010fd4abc0, 0x000000010fd4ae30]
Event: 2.662 Thread 0x000000015c820400 3023       3       javafx.scene.Parent::clearSizeCache (42 bytes)
Event: 2.662 Thread 0x000000015c820400 nmethod 3023 0x000000010fd4ae88 code [0x000000010fd4afc0, 0x000000010fd4b148]
Event: 2.662 Thread 0x000000015c820400 3024       3       javafx.scene.Parent::markDirtyLayout (62 bytes)
Event: 2.662 Thread 0x000000015c820400 nmethod 3024 0x000000010fd4b188 code [0x000000010fd4b440, 0x000000010fd4c888]
Event: 2.662 Thread 0x000000015c820400 3025       3       javafx.scene.Parent::setLayoutFlag (32 bytes)

GC Heap History (10 events):
Event: 0.270 GC heap before
{Heap before GC invocations=0 (full 0):
 garbage-first heap   total reserved 2097152K, committed 133120K, used 24693K [0x0000000780000000, 0x0000000800000000)
  region size 1024K, 24 young (24576K), 0 survivors (0K)
 Metaspace       used 11454K, committed 11712K, reserved 1114112K
  class space    used 1235K, committed 1344K, reserved 1048576K
}
Event: 0.272 GC heap after
{Heap after GC invocations=1 (full 0):
 garbage-first heap   total reserved 2097152K, committed 133120K, used 4648K [0x0000000780000000, 0x0000000800000000)
  region size 1024K, 3 young (3072K), 3 survivors (3072K)
 Metaspace       used 11454K, committed 11712K, reserved 1114112K
  class space    used 1235K, committed 1344K, reserved 1048576K
}
Event: 0.507 GC heap before
{Heap before GC invocations=1 (full 0):
 garbage-first heap   total reserved 2097152K, committed 133120K, used 28200K [0x0000000780000000, 0x0000000800000000)
  region size 1024K, 26 young (26624K), 3 survivors (3072K)
 Metaspace       used 17817K, committed 18112K, reserved 1114112K
  class space    used 2092K, committed 2240K, reserved 1048576K
}
Event: 0.510 GC heap after
{Heap after GC invocations=2 (full 0):
 garbage-first heap   total reserved 2097152K, committed 133120K, used 6681K [0x0000000780000000, 0x0000000800000000)
  region size 1024K, 2 young (2048K), 2 survivors (2048K)
 Metaspace       used 17817K, committed 18112K, reserved 1114112K
  class space    used 2092K, committed 2240K, reserved 1048576K
}
Event: 0.753 GC heap before
{Heap before GC invocations=2 (full 0):
 garbage-first heap   total reserved 2097152K, committed 133120K, used 18969K [0x0000000780000000, 0x0000000800000000)
  region size 1024K, 16 young (16384K), 2 survivors (2048K)
 Metaspace       used 21219K, committed 21504K, reserved 1114112K
  class space    used 2664K, committed 2816K, reserved 1048576K
}
Event: 0.755 GC heap after
{Heap after GC invocations=3 (full 0):
 garbage-first heap   total reserved 2097152K, committed 133120K, used 8856K [0x0000000780000000, 0x0000000800000000)
  region size 1024K, 5 young (5120K), 5 survivors (5120K)
 Metaspace       used 21219K, committed 21504K, reserved 1114112K
  class space    used 2664K, committed 2816K, reserved 1048576K
}
Event: 2.570 GC heap before
{Heap before GC invocations=4 (full 0):
 garbage-first heap   total reserved 2097152K, committed 37888K, used 35480K [0x0000000780000000, 0x0000000800000000)
  region size 1024K, 31 young (31744K), 5 survivors (5120K)
 Metaspace       used 22460K, committed 22784K, reserved 1114112K
  class space    used 2979K, committed 3136K, reserved 1048576K
}
Event: 2.572 GC heap after
{Heap after GC invocations=5 (full 0):
 garbage-first heap   total reserved 2097152K, committed 43008K, used 9843K [0x0000000780000000, 0x0000000800000000)
  region size 1024K, 5 young (5120K), 5 survivors (5120K)
 Metaspace       used 22460K, committed 22784K, reserved 1114112K
  class space    used 2979K, committed 3136K, reserved 1048576K
}
Event: 2.657 GC heap before
{Heap before GC invocations=5 (full 0):
 garbage-first heap   total reserved 2097152K, committed 43008K, used 30323K [0x0000000780000000, 0x0000000800000000)
  region size 1024K, 25 young (25600K), 5 survivors (5120K)
 Metaspace       used 23607K, committed 23936K, reserved 1114112K
  class space    used 3201K, committed 3328K, reserved 1048576K
}
Event: 2.660 GC heap after
{Heap after GC invocations=6 (full 0):
 garbage-first heap   total reserved 2097152K, committed 43008K, used 10063K [0x0000000780000000, 0x0000000800000000)
  region size 1024K, 2 young (2048K), 2 survivors (2048K)
 Metaspace       used 23607K, committed 23936K, reserved 1114112K
  class space    used 3201K, committed 3328K, reserved 1048576K
}

Dll operation events (20 events):
Event: 0.061 Loaded shared library /Library/Java/JavaVirtualMachines/jdk-23.jdk/Contents/Home/lib/libzip.dylib
Event: 0.071 Loaded shared library /Library/Java/JavaVirtualMachines/jdk-23.jdk/Contents/Home/lib/libnet.dylib
Event: 0.079 Loaded shared library /Library/Java/JavaVirtualMachines/jdk-23.jdk/Contents/Home/lib/libextnet.dylib
Event: 0.138 Loaded shared library /Library/Java/JavaVirtualMachines/jdk-23.jdk/Contents/Home/lib/libjimage.dylib
Event: 0.241 Loaded shared library /Library/Java/JavaVirtualMachines/jdk-23.jdk/Contents/Home/lib/libmanagement.dylib
Event: 0.246 Loaded shared library /Library/Java/JavaVirtualMachines/jdk-23.jdk/Contents/Home/lib/libmanagement_ext.dylib
Event: 0.407 Loading shared library /Users/saaad/.m2/repository/org/openjfx/javafx-graphics/21.0.6/libprism_es2.dylib failed, dlopen(/Users/saaad/.m2/repository/org/openjfx/javafx-graphics/21.0.6/libprism_es2.dylib, 0x0001): tried: '/Users/saaad/.m2/repository/org/ope
Event: 0.413 Loaded shared library /Users/saaad/.openjfx/cache/21.0.6+3/aarch64/libprism_es2.dylib
Event: 0.500 Loading shared library /Users/saaad/.m2/repository/org/openjfx/javafx-graphics/21.0.6/libglass.dylib failed, dlopen(/Users/saaad/.m2/repository/org/openjfx/javafx-graphics/21.0.6/libglass.dylib, 0x0001): tried: '/Users/saaad/.m2/repository/org/openjfx/jav
Event: 0.506 Loaded shared library /Users/saaad/.openjfx/cache/21.0.6+3/aarch64/libglass.dylib
Event: 0.722 Loading shared library /Users/saaad/.m2/repository/org/openjfx/javafx-graphics/21.0.6/libjavafx_font.dylib failed, dlopen(/Users/saaad/.m2/repository/org/openjfx/javafx-graphics/21.0.6/libjavafx_font.dylib, 0x0001): tried: '/Users/saaad/.m2/repository/org
Event: 0.724 Loaded shared library /Users/saaad/.openjfx/cache/21.0.6+3/aarch64/libjavafx_font.dylib
Event: 0.741 Loading shared library /Users/saaad/.m2/repository/org/openjfx/javafx-graphics/21.0.6/libglib-lite.dylib failed, dlopen(/Users/saaad/.m2/repository/org/openjfx/javafx-graphics/21.0.6/libglib-lite.dylib, 0x0001): tried: '/Users/saaad/.m2/repository/org/ope
Event: 0.757 Loaded shared library /Users/saaad/.openjfx/cache/21.0.6+3/aarch64/libglib-lite.dylib
Event: 0.757 Loading shared library /Users/saaad/.m2/repository/org/openjfx/javafx-graphics/21.0.6/libgstreamer-lite.dylib failed, dlopen(/Users/saaad/.m2/repository/org/openjfx/javafx-graphics/21.0.6/libgstreamer-lite.dylib, 0x0001): tried: '/Users/saaad/.m2/reposito
Event: 0.773 Loaded shared library /Users/saaad/.openjfx/cache/21.0.6+3/aarch64/libgstreamer-lite.dylib
Event: 0.774 Loading shared library /Users/saaad/.m2/repository/org/openjfx/javafx-graphics/21.0.6/libjfxmedia.dylib failed, dlopen(/Users/saaad/.m2/repository/org/openjfx/javafx-graphics/21.0.6/libjfxmedia.dylib, 0x0001): tried: '/Users/saaad/.m2/repository/org/openj
Event: 0.790 Loaded shared library /Users/saaad/.openjfx/cache/21.0.6+3/aarch64/libjfxmedia.dylib
Event: 0.793 Loading shared library /Users/saaad/.m2/repository/org/openjfx/javafx-graphics/21.0.6/libjfxmedia_avf.dylib failed, dlopen(/Users/saaad/.m2/repository/org/openjfx/javafx-graphics/21.0.6/libjfxmedia_avf.dylib, 0x0001): tried: '/Users/saaad/.m2/repository/o
Event: 0.796 Loaded shared library /Users/saaad/.openjfx/cache/21.0.6+3/aarch64/libjfxmedia_avf.dylib

Deoptimization events (20 events):
Event: 2.543 Thread 0x000000015c808c00 DEOPT PACKING pc=0x00000001174259c4 sp=0x000000016b2df5f0
Event: 2.543 Thread 0x000000015c808c00 DEOPT UNPACKING pc=0x0000000116e2ed9c sp=0x000000016b2df560 mode 2
Event: 2.603 Thread 0x000000015dc69400 Uncommon trap: trap_request=0xffffffde fr.pc=0x00000001173fe95c relative=0x0000000000000f1c
Event: 2.603 Thread 0x000000015dc69400 Uncommon trap: reason=class_check action=maybe_recompile pc=0x00000001173fe95c method=java.util.concurrent.ConcurrentHashMap.putVal(Ljava/lang/Object;Ljava/lang/Object;Z)Ljava/lang/Object; @ 242 c2
Event: 2.603 Thread 0x000000015dc69400 DEOPT PACKING pc=0x00000001173fe95c sp=0x000000016face290
Event: 2.603 Thread 0x000000015dc69400 DEOPT UNPACKING pc=0x0000000116e2ed9c sp=0x000000016face1a0 mode 2
Event: 2.612 Thread 0x000000015dc69400 Uncommon trap: trap_request=0xffffffde fr.pc=0x00000001173fe95c relative=0x0000000000000f1c
Event: 2.612 Thread 0x000000015dc69400 Uncommon trap: reason=class_check action=maybe_recompile pc=0x00000001173fe95c method=java.util.concurrent.ConcurrentHashMap.putVal(Ljava/lang/Object;Ljava/lang/Object;Z)Ljava/lang/Object; @ 242 c2
Event: 2.612 Thread 0x000000015dc69400 DEOPT PACKING pc=0x00000001173fe95c sp=0x000000016face290
Event: 2.612 Thread 0x000000015dc69400 DEOPT UNPACKING pc=0x0000000116e2ed9c sp=0x000000016face1a0 mode 2
Event: 2.620 Thread 0x000000015dc69400 Uncommon trap: trap_request=0xffffffde fr.pc=0x00000001173fe95c relative=0x0000000000000f1c
Event: 2.620 Thread 0x000000015dc69400 Uncommon trap: reason=class_check action=maybe_recompile pc=0x00000001173fe95c method=java.util.concurrent.ConcurrentHashMap.putVal(Ljava/lang/Object;Ljava/lang/Object;Z)Ljava/lang/Object; @ 242 c2
Event: 2.620 Thread 0x000000015dc69400 DEOPT PACKING pc=0x00000001173fe95c sp=0x000000016face290
Event: 2.620 Thread 0x000000015dc69400 DEOPT UNPACKING pc=0x0000000116e2ed9c sp=0x000000016face1a0 mode 2
Event: 2.628 Thread 0x000000015dc69400 Uncommon trap: trap_request=0xffffffde fr.pc=0x00000001173fe95c relative=0x0000000000000f1c
Event: 2.628 Thread 0x000000015dc69400 Uncommon trap: reason=class_check action=maybe_recompile pc=0x00000001173fe95c method=java.util.concurrent.ConcurrentHashMap.putVal(Ljava/lang/Object;Ljava/lang/Object;Z)Ljava/lang/Object; @ 242 c2
Event: 2.628 Thread 0x000000015dc69400 DEOPT PACKING pc=0x00000001173fe95c sp=0x000000016face2f0
Event: 2.628 Thread 0x000000015dc69400 DEOPT UNPACKING pc=0x0000000116e2ed9c sp=0x000000016face200 mode 2
Event: 2.635 Thread 0x000000015c310800 DEOPT PACKING pc=0x000000010f9694dc sp=0x000000016b04db30
Event: 2.635 Thread 0x000000015c310800 DEOPT UNPACKING pc=0x0000000116e2ebbc sp=0x000000016b04d880 mode 3

Classes loaded (20 events):
Event: 2.643 Loading class javafx/scene/effect/Reflection$1
Event: 2.643 Loading class javafx/scene/effect/Reflection$1 done
Event: 2.643 Loading class javafx/scene/effect/Reflection$4
Event: 2.643 Loading class javafx/scene/effect/Reflection$4 done
Event: 2.643 Loading class com/sun/scenario/effect/Reflection
Event: 2.643 Loading class com/sun/scenario/effect/Reflection done
Event: 2.643 Loading class com/sun/scenario/effect/CoreEffect
Event: 2.643 Loading class com/sun/scenario/effect/CoreEffect done
Event: 2.643 Loading class com/sun/scenario/effect/FilterEffect
Event: 2.643 Loading class com/sun/scenario/effect/FilterEffect done
Event: 2.644 Loading class com/comp2042/ui/GuiController
Event: 2.644 Loading class com/comp2042/ui/GuiController done
Event: 2.644 Loading class com/comp2042/ui/GuiController
Event: 2.644 Loading class com/comp2042/ui/GuiController done
Event: 2.644 Loading class com/sun/media/jfxmediaimpl/NativeMediaAudioClipPlayer
Event: 2.644 Loading class com/sun/media/jfxmediaimpl/NativeMediaAudioClipPlayer done
Event: 2.644 Loading class com/sun/media/jfxmediaimpl/NativeMediaAudioClipPlayer$Enthreaderator
Event: 2.644 Loading class com/sun/media/jfxmediaimpl/NativeMediaAudioClipPlayer$Enthreaderator done
Event: 2.644 Loading class com/sun/media/jfxmediaimpl/NativeMediaAudioClipPlayer$SchedulerEntry
Event: 2.644 Loading class com/sun/media/jfxmediaimpl/NativeMediaAudioClipPlayer$SchedulerEntry done

Classes unloaded (1 events):
Event: 0.758 Thread 0x000000015d10db00 Unloading class 0x0000007801004400 'java/lang/invoke/LambdaForm$DMH+0x0000007801004400'

Classes redefined (1 events):
Event: 0.048 Thread 0x000000015d10db00 redefined class name=java.lang.Throwable, count=1

Internal exceptions (20 events):
Event: 2.566 Thread 0x000000015c808c00 Exception <a 'java/lang/NullPointerException'{0x0000000780a15180}> (0x0000000780a15180) 
thrown [open/src/hotspot/share/interpreter/linkResolver.cpp, line 1473]
Event: 2.569 Thread 0x000000015c808c00 Exception <a 'java/lang/NullPointerException'{0x0000000780a1c8d0}> (0x0000000780a1c8d0) 
thrown [open/src/hotspot/share/interpreter/linkResolver.cpp, line 1473]
Event: 2.572 Thread 0x000000015c808c00 Exception <a 'java/lang/NullPointerException'{0x0000000787f35008}> (0x0000000787f35008) 
thrown [open/src/hotspot/share/interpreter/linkResolver.cpp, line 1473]
Event: 2.598 Thread 0x000000015c310800 Exception <a 'java/lang/NoSuchMethodError'{0x0000000786ffa2c8}: 'long java.lang.invoke.DirectMethodHandle$Holder.invokeStatic(java.lang.Object, java.lang.Object, java.lang.Object)'> (0x0000000786ffa2c8) 
thrown [open/src/hotspot/share/interpreter/linkResolver.cpp, line 796]
Event: 2.598 Thread 0x000000015c310800 Exception <a 'java/lang/NoSuchMethodError'{0x0000000786e8e6c8}: 'long java.lang.invoke.DirectMethodHandle$Holder.invokeStaticInit(java.lang.Object, java.lang.Object, java.lang.Object)'> (0x0000000786e8e6c8) 
thrown [open/src/hotspot/share/interpreter/linkResolver.cpp, line 796]
Event: 2.599 Thread 0x000000015c310800 Exception <a 'java/lang/NoSuchMethodError'{0x0000000786ea3438}: 'java.lang.Object java.lang.invoke.DirectMethodHandle$Holder.newInvokeSpecial(java.lang.Object, java.lang.Object, long)'> (0x0000000786ea3438) 
thrown [open/src/hotspot/share/interpreter/linkResolver.cpp, line 796]
Event: 2.622 Thread 0x000000015c310800 Exception <a 'java/lang/NullPointerException'{0x0000000786eb0960}> (0x0000000786eb0960) 
thrown [open/src/hotspot/share/interpreter/linkResolver.cpp, line 1473]
Event: 2.624 Thread 0x000000015c310800 Exception <a 'java/lang/NullPointerException'{0x0000000786eb75f8}> (0x0000000786eb75f8) 
thrown [open/src/hotspot/share/interpreter/linkResolver.cpp, line 1473]
Event: 2.626 Thread 0x000000015c310800 Exception <a 'java/lang/NullPointerException'{0x0000000786ebbe68}> (0x0000000786ebbe68) 
thrown [open/src/hotspot/share/interpreter/linkResolver.cpp, line 1473]
Event: 2.648 Thread 0x000000015c310800 Exception <a 'java/lang/NullPointerException'{0x0000000781633e30}> (0x0000000781633e30) 
thrown [open/src/hotspot/share/interpreter/linkResolver.cpp, line 1473]
Event: 2.648 Thread 0x000000015c808c00 Exception <a 'java/lang/NullPointerException'{0x0000000781653d70}> (0x0000000781653d70) 
thrown [open/src/hotspot/share/interpreter/linkResolver.cpp, line 1473]
Event: 2.650 Thread 0x000000015c310800 Exception <a 'java/lang/NullPointerException'{0x000000078163aac8}> (0x000000078163aac8) 
thrown [open/src/hotspot/share/interpreter/linkResolver.cpp, line 1473]
Event: 2.651 Thread 0x000000015c808c00 Exception <a 'java/lang/NullPointerException'{0x000000078165b4c0}> (0x000000078165b4c0) 
thrown [open/src/hotspot/share/interpreter/linkResolver.cpp, line 1473]
Event: 2.652 Thread 0x000000015c310800 Exception <a 'java/lang/NullPointerException'{0x00000007814dade0}> (0x00000007814dade0) 
thrown [open/src/hotspot/share/interpreter/linkResolver.cpp, line 1473]
Event: 2.653 Thread 0x000000015c310800 Exception <a 'java/lang/NullPointerException'{0x00000007814ead60}> (0x00000007814ead60) 
thrown [open/src/hotspot/share/interpreter/linkResolver.cpp, line 1473]
Event: 2.654 Thread 0x000000015c808c00 Exception <a 'java/lang/NullPointerException'{0x0000000781660838}> (0x0000000781660838) 
thrown [open/src/hotspot/share/interpreter/linkResolver.cpp, line 1473]
Event: 2.655 Thread 0x000000015c310800 Exception <a 'java/lang/NullPointerException'{0x00000007814f19f8}> (0x00000007814f19f8) 
thrown [open/src/hotspot/share/interpreter/linkResolver.cpp, line 1473]
Event: 2.657 Thread 0x000000015c808c00 Exception <a 'java/lang/NullPointerException'{0x0000000781671c08}> (0x0000000781671c08) 
thrown [open/src/hotspot/share/interpreter/linkResolver.cpp, line 1473]
Event: 2.660 Thread 0x000000015c310800 Exception <a 'java/lang/NullPointerException'{0x0000000780e2a848}> (0x0000000780e2a848) 
thrown [open/src/hotspot/share/interpreter/linkResolver.cpp, line 1473]
Event: 2.662 Thread 0x000000015c808c00 Exception <a 'java/lang/NullPointerException'{0x00000007fff2a878}> (0x00000007fff2a878) 
thrown [open/src/hotspot/share/interpreter/linkResolver.cpp, line 1473]

VM Operations (20 events):
Event: 0.328 Executing VM operation: HandshakeAllThreads (Deoptimize)
Event: 0.328 Executing VM operation: HandshakeAllThreads (Deoptimize) done
Event: 0.332 Executing VM operation: HandshakeAllThreads (Deoptimize)
Event: 0.332 Executing VM operation: HandshakeAllThreads (Deoptimize) done
Event: 0.388 Executing VM operation: HandshakeAllThreads (Deoptimize)
Event: 0.388 Executing VM operation: HandshakeAllThreads (Deoptimize) done
Event: 0.507 Executing VM operation: G1CollectForAllocation (G1 Evacuation Pause)
Event: 0.510 Executing VM operation: G1CollectForAllocation (G1 Evacuation Pause) done
Event: 0.709 Executing VM operation: HandshakeAllThreads (Deoptimize)
Event: 0.709 Executing VM operation: HandshakeAllThreads (Deoptimize) done
Event: 0.753 Executing VM operation: CollectForMetadataAllocation (Metadata GC Threshold)
Event: 0.755 Executing VM operation: CollectForMetadataAllocation (Metadata GC Threshold) done
Event: 0.758 Executing VM operation: G1PauseRemark
Event: 0.760 Executing VM operation: G1PauseRemark done
Event: 0.760 Executing VM operation: G1PauseCleanup
Event: 0.760 Executing VM operation: G1PauseCleanup done
Event: 2.570 Executing VM operation: G1CollectForAllocation (G1 Evacuation Pause)
Event: 2.572 Executing VM operation: G1CollectForAllocation (G1 Evacuation Pause) done
Event: 2.657 Executing VM operation: G1CollectForAllocation (G1 Evacuation Pause)
Event: 2.660 Executing VM operation: G1CollectForAllocation (G1 Evacuation Pause) done

Memory protections (20 events):
Event: 2.662 Protecting memory [0x0000000310a64000,0x0000000310a70000] with protection modes 3
Event: 2.662 Protecting memory [0x0000000310a64000,0x0000000310a70000] with protection modes 0
Event: 2.662 Protecting memory [0x0000000310a64000,0x0000000310a70000] with protection modes 3
Event: 2.662 Protecting memory [0x0000000310a64000,0x0000000310a70000] with protection modes 0
Event: 2.662 Protecting memory [0x0000000310a64000,0x0000000310a70000] with protection modes 3
Event: 2.662 Protecting memory [0x0000000310a64000,0x0000000310a70000] with protection modes 0
Event: 2.662 Protecting memory [0x0000000310a64000,0x0000000310a70000] with protection modes 3
Event: 2.662 Protecting memory [0x0000000310a64000,0x0000000310a70000] with protection modes 0
Event: 2.662 Protecting memory [0x0000000310a64000,0x0000000310a70000] with protection modes 3
Event: 2.662 Protecting memory [0x0000000310a64000,0x0000000310a70000] with protection modes 0
Event: 2.662 Protecting memory [0x0000000310a64000,0x0000000310a70000] with protection modes 3
Event: 2.662 Protecting memory [0x0000000310a64000,0x0000000310a70000] with protection modes 0
Event: 2.662 Protecting memory [0x0000000310a64000,0x0000000310a70000] with protection modes 3
Event: 2.662 Protecting memory [0x0000000310a64000,0x0000000310a70000] with protection modes 0
Event: 2.662 Protecting memory [0x0000000310a64000,0x0000000310a70000] with protection modes 3
Event: 2.662 Protecting memory [0x0000000310a64000,0x0000000310a70000] with protection modes 0
Event: 2.662 Protecting memory [0x0000000310a64000,0x0000000310a70000] with protection modes 3
Event: 2.662 Protecting memory [0x0000000310a64000,0x0000000310a70000] with protection modes 0
Event: 2.662 Protecting memory [0x0000000310a64000,0x0000000310a70000] with protection modes 3
Event: 2.663 Protecting memory [0x0000000310a64000,0x0000000310a70000] with protection modes 0

Nmethod flushes (0 events):
No events

Events (20 events):
Event: 2.662 Thread 0x000000013d064000 Thread exited: 0x000000013d064000
Event: 2.662 Thread 0x000000013d064000 Thread added: 0x000000013d064000
Event: 2.662 Thread 0x000000013d064000 Thread exited: 0x000000013d064000
Event: 2.662 Thread 0x000000015cfc0600 Thread added: 0x000000015cfc0600
Event: 2.662 Thread 0x000000015cfc0600 Thread exited: 0x000000015cfc0600
Event: 2.662 Thread 0x000000015cfc0600 Thread added: 0x000000015cfc0600
Event: 2.662 Thread 0x000000015cfc0600 Thread exited: 0x000000015cfc0600
Event: 2.662 Thread 0x000000015cfc0600 Thread added: 0x000000015cfc0600
Event: 2.662 Thread 0x000000015cfc0600 Thread exited: 0x000000015cfc0600
Event: 2.662 Thread 0x000000015cfc0600 Thread added: 0x000000015cfc0600
Event: 2.662 Thread 0x000000015cfc0600 Thread exited: 0x000000015cfc0600
Event: 2.662 Thread 0x000000015cfc0600 Thread added: 0x000000015cfc0600
Event: 2.662 Thread 0x000000015cfc0600 Thread exited: 0x000000015cfc0600
Event: 2.662 Thread 0x000000015cfc0600 Thread added: 0x000000015cfc0600
Event: 2.662 Thread 0x000000015cfc0600 Thread exited: 0x000000015cfc0600
Event: 2.662 Thread 0x000000015cfc0600 Thread added: 0x000000015cfc0600
Event: 2.662 Thread 0x000000015cfc0600 Thread exited: 0x000000015cfc0600
Event: 2.662 Thread 0x000000015cfc0600 Thread added: 0x000000015cfc0600
Event: 2.662 Thread 0x000000015cfc0600 Thread exited: 0x000000015cfc0600
Event: 2.663 Thread 0x000000015cfc0600 Thread added: 0x000000015cfc0600


Dynamic libraries:
0x0000000104dec000 	/Library/Java/JavaVirtualMachines/jdk-23.jdk/Contents/Home/lib/libjli.dylib
0x00000001a161d000 	/System/Library/Frameworks/ApplicationServices.framework/Versions/A/ApplicationServices
0x000000018dd36000 	/System/Library/Frameworks/CoreGraphics.framework/Versions/A/CoreGraphics
0x000000018a2b1000 	/System/Library/Frameworks/CoreText.framework/Versions/A/CoreText
0x00000001935f9000 	/System/Library/Frameworks/ImageIO.framework/Versions/A/ImageIO
0x000000018e467000 	/System/Library/Frameworks/ColorSync.framework/Versions/A/ColorSync
0x000000019982b000 	/System/Library/Frameworks/ApplicationServices.framework/Versions/A/Frameworks/ATS.framework/Versions/A/ATS
0x000000019d45c000 	/System/Library/Frameworks/CoreServices.framework/Versions/A/CoreServices
0x000000018e61d000 	/System/Library/Frameworks/ApplicationServices.framework/Versions/A/Frameworks/HIServices.framework/Versions/A/HIServices
0x00000001980e4000 	/System/Library/Frameworks/ApplicationServices.framework/Versions/A/Frameworks/PrintCore.framework/Versions/A/PrintCore
0x0000000199c1e000 	/System/Library/Frameworks/ApplicationServices.framework/Versions/A/Frameworks/QD.framework/Versions/A/QD
0x0000000199c15000 	/System/Library/Frameworks/ApplicationServices.framework/Versions/A/Frameworks/ColorSyncLegacy.framework/Versions/A/ColorSyncLegacy
0x00000001997fd000 	/System/Library/Frameworks/ApplicationServices.framework/Versions/A/Frameworks/SpeechSynthesis.framework/Versions/A/SpeechSynthesis
0x0000000195a2f000 	/usr/lib/libSystem.B.dylib
0x000000018d80f000 	/System/Library/PrivateFrameworks/SkyLight.framework/Versions/A/SkyLight
0x000000018eef2000 	/System/Library/PrivateFrameworks/ProtocolBuffer.framework/Versions/A/ProtocolBuffer
0x0000000195a34000 	/System/Library/PrivateFrameworks/SoftLinking.framework/Versions/A/SoftLinking
0x000000018b00c000 	/usr/lib/libicucore.A.dylib
0x00000001903e3000 	/System/Library/PrivateFrameworks/CoreAnalytics.framework/Versions/A/CoreAnalytics
0x0000000192fc9000 	/System/Library/PrivateFrameworks/FontServices.framework/libFontParser.dylib
0x000000019d708000 	/System/Library/Frameworks/Accelerate.framework/Versions/A/Accelerate
0x0000000192baf000 	/System/Library/Frameworks/IOSurface.framework/Versions/A/IOSurface
0x0000000191088000 	/usr/lib/libxml2.2.dylib
0x000000018d373000 	/System/Library/Frameworks/CFNetwork.framework/Versions/A/CFNetwork
0x0000000187842000 	/System/Library/Frameworks/CoreFoundation.framework/Versions/A/CoreFoundation
0x0000000188e33000 	/System/Library/Frameworks/Foundation.framework/Versions/C/Foundation
0x0000000195979000 	/usr/lib/libz.1.dylib
0x00000001873d8000 	/usr/lib/libobjc.A.dylib
0x00000001876e6000 	/usr/lib/libc++.1.dylib
0x000000018ac02000 	/System/Library/Frameworks/Security.framework/Versions/A/Security
0x00000002358ea000 	/System/Library/PrivateFrameworks/CollectionsInternal.framework/Versions/A/CollectionsInternal
0x0000000198f70000 	/usr/lib/swift/libswiftCore.dylib
0x00000001b0747000 	/usr/lib/swift/libswiftCoreFoundation.dylib
0x00000001adab0000 	/usr/lib/swift/libswiftDarwin.dylib
0x000000019ef55000 	/usr/lib/swift/libswiftDispatch.dylib
0x00000001b07a2000 	/usr/lib/swift/libswiftIOKit.dylib
0x00000001a1bd7000 	/usr/lib/swift/libswiftObjectiveC.dylib
0x00000001b0759000 	/usr/lib/swift/libswiftXPC.dylib
0x0000000270006000 	/usr/lib/swift/libswift_Builtin_float.dylib
0x00000002701fb000 	/usr/lib/swift/libswift_errno.dylib
0x00000002701fd000 	/usr/lib/swift/libswift_math.dylib
0x0000000270200000 	/usr/lib/swift/libswift_signal.dylib
0x0000000270201000 	/usr/lib/swift/libswift_stdio.dylib
0x0000000270202000 	/usr/lib/swift/libswift_time.dylib
0x0000000270203000 	/usr/lib/swift/libswiftsys_time.dylib
0x0000000270204000 	/usr/lib/swift/libswiftunistd.dylib
0x000000018f243000 	/System/Library/PrivateFrameworks/RunningBoardServices.framework/Versions/A/RunningBoardServices
0x000000018d75a000 	/usr/lib/libMobileGestalt.dylib
0x000000018d7ec000 	/System/Library/PrivateFrameworks/TCC.framework/Versions/A/TCC
0x00000001a4902000 	/System/Library/PrivateFrameworks/IOSurfaceAccelerator.framework/Versions/A/IOSurfaceAccelerator
0x0000000197ac5000 	/System/Library/PrivateFrameworks/WatchdogClient.framework/Versions/A/WatchdogClient
0x0000000195c5d000 	/usr/lib/libcompression.dylib
0x0000000190414000 	/usr/lib/libDiagnosticMessagesClient.dylib
0x0000000188a96000 	/System/Library/Frameworks/SystemConfiguration.framework/Versions/A/SystemConfiguration
0x0000000189dd8000 	/System/Library/Frameworks/CoreDisplay.framework/Versions/A/CoreDisplay
0x0000000194aee000 	/System/Library/PrivateFrameworks/IOMobileFramebuffer.framework/Versions/A/IOMobileFramebuffer
0x0000000192e6d000 	/System/Library/Frameworks/CoreMedia.framework/Versions/A/CoreMedia
0x0000000192bc8000 	/System/Library/PrivateFrameworks/IOAccelerator.framework/Versions/A/IOAccelerator
0x000000018b657000 	/System/Library/Frameworks/IOKit.framework/Versions/A/IOKit
0x0000000192bd2000 	/System/Library/Frameworks/Metal.framework/Versions/A/Metal
0x0000000191172000 	/System/Library/Frameworks/CoreVideo.framework/Versions/A/CoreVideo
0x0000000195c55000 	/System/Library/Frameworks/MetalPerformanceShaders.framework/Versions/A/MetalPerformanceShaders
0x0000000197ac7000 	/System/Library/PrivateFrameworks/MultitouchSupport.framework/Versions/A/MultitouchSupport
0x000000019091b000 	/System/Library/Frameworks/QuartzCore.framework/Versions/A/QuartzCore
0x0000000194e1a000 	/usr/lib/libbsm.0.dylib
0x0000000254ada000 	/System/Library/PrivateFrameworks/ProDisplayLibrary.framework/Versions/A/ProDisplayLibrary
0x0000000197b0d000 	/System/Library/Frameworks/VideoToolbox.framework/Versions/A/VideoToolbox
0x00000001bd30c000 	/usr/lib/swift/libswiftMetal.dylib
0x00000001cc2ad000 	/usr/lib/swift/libswiftOSLog.dylib
0x00000001c26ab000 	/usr/lib/swift/libswiftQuartzCore.dylib
0x00000001c6d06000 	/usr/lib/swift/libswiftUniformTypeIdentifiers.dylib
0x00000001a1bdb000 	/usr/lib/swift/libswiftos.dylib
0x00000001b3ffb000 	/usr/lib/swift/libswiftsimd.dylib
0x0000000191213000 	/System/Library/PrivateFrameworks/UserManagement.framework/Versions/A/UserManagement
0x000000018f15e000 	/System/Library/PrivateFrameworks/BaseBoard.framework/Versions/A/BaseBoard
0x0000000191002000 	/System/Library/Frameworks/CoreServices.framework/Versions/A/Frameworks/FSEvents.framework/Versions/A/FSEvents
0x000000018b2e3000 	/System/Library/Frameworks/CoreServices.framework/Versions/A/Frameworks/CarbonCore.framework/Versions/A/CarbonCore
0x0000000190477000 	/System/Library/Frameworks/CoreServices.framework/Versions/A/Frameworks/Metadata.framework/Versions/A/Metadata
0x0000000195511000 	/System/Library/Frameworks/CoreServices.framework/Versions/A/Frameworks/OSServices.framework/Versions/A/OSServices
0x0000000195b7e000 	/System/Library/Frameworks/CoreServices.framework/Versions/A/Frameworks/SearchKit.framework/Versions/A/SearchKit
0x000000018f2ac000 	/System/Library/Frameworks/CoreServices.framework/Versions/A/Frameworks/AE.framework/Versions/A/AE
0x0000000187d81000 	/System/Library/Frameworks/CoreServices.framework/Versions/A/Frameworks/LaunchServices.framework/Versions/A/LaunchServices
0x0000000196f95000 	/System/Library/Frameworks/CoreServices.framework/Versions/A/Frameworks/DictionaryServices.framework/Versions/A/DictionaryServices
0x0000000191010000 	/System/Library/Frameworks/CoreServices.framework/Versions/A/Frameworks/SharedFileList.framework/Versions/A/SharedFileList
0x0000000195c14000 	/usr/lib/libapple_nghttp2.dylib
0x000000018ef0d000 	/usr/lib/libsqlite3.dylib
0x0000000199c54000 	/System/Library/Frameworks/GSS.framework/Versions/A/GSS
0x00000001981fb000 	/System/Library/PrivateFrameworks/InternationalSupport.framework/Versions/A/InternationalSupport
0x000000018d758000 	/usr/lib/libenergytrace.dylib
0x000000018f33a000 	/System/Library/Frameworks/Network.framework/Versions/A/Network
0x000000018b5d6000 	/System/Library/PrivateFrameworks/CoreServicesInternal.framework/Versions/A/CoreServicesInternal
0x00000001959fc000 	/usr/lib/liboah.dylib
0x0000000195a31000 	/usr/lib/libfakelink.dylib
0x0000000187773000 	/usr/lib/libc++abi.dylib
0x000000026ef10000 	/usr/lib/libRosetta.dylib
0x000000019103e000 	/System/Library/PrivateFrameworks/CoreAutoLayout.framework/Versions/A/CoreAutoLayout
0x0000000190502000 	/System/Library/Frameworks/DiskArbitration.framework/Versions/A/DiskArbitration
0x0000000195a86000 	/usr/lib/libarchive.2.dylib
0x0000000193df6000 	/usr/lib/liblangid.dylib
0x000000019b357000 	/System/Library/Frameworks/Combine.framework/Versions/A/Combine
0x000000025579c000 	/System/Library/PrivateFrameworks/ReflectionInternal.framework/Versions/A/ReflectionInternal
0x0000000256473000 	/System/Library/PrivateFrameworks/RuntimeInternal.framework/Versions/A/RuntimeInternal
0x000000026ff97000 	/usr/lib/swift/libswiftSystem.dylib
0x0000000270009000 	/usr/lib/swift/libswift_Concurrency.dylib
0x0000000270168000 	/usr/lib/swift/libswift_StringProcessing.dylib
0x0000000195a29000 	/usr/lib/system/libcache.dylib
0x00000001959e4000 	/usr/lib/system/libcommonCrypto.dylib
0x0000000195a0f000 	/usr/lib/system/libcompiler_rt.dylib
0x0000000195a04000 	/usr/lib/system/libcopyfile.dylib
0x0000000187533000 	/usr/lib/system/libcorecrypto.dylib
0x000000018761a000 	/usr/lib/system/libdispatch.dylib
0x00000001877da000 	/usr/lib/system/libdyld.dylib
0x0000000195a1f000 	/usr/lib/system/libkeymgr.dylib
0x00000001959c7000 	/usr/lib/system/libmacho.dylib
0x0000000194df3000 	/usr/lib/system/libquarantine.dylib
0x0000000195a1c000 	/usr/lib/system/libremovefile.dylib
0x000000018d7d4000 	/usr/lib/system/libsystem_asl.dylib
0x00000001874c8000 	/usr/lib/system/libsystem_blocks.dylib
0x0000000187664000 	/usr/lib/system/libsystem_c.dylib
0x0000000195a13000 	/usr/lib/system/libsystem_collections.dylib
0x0000000193de3000 	/usr/lib/system/libsystem_configuration.dylib
0x0000000192b7e000 	/usr/lib/system/libsystem_containermanager.dylib
0x0000000195509000 	/usr/lib/system/libsystem_coreservices.dylib
0x000000018b2d8000 	/usr/lib/system/libsystem_darwin.dylib
0x000000027033b000 	/usr/lib/system/libsystem_darwindirectory.dylib
0x0000000195a20000 	/usr/lib/system/libsystem_dnssd.dylib
0x000000027033f000 	/usr/lib/system/libsystem_eligibility.dylib
0x0000000187661000 	/usr/lib/system/libsystem_featureflags.dylib
0x0000000187812000 	/usr/lib/system/libsystem_info.dylib
0x0000000195988000 	/usr/lib/system/libsystem_m.dylib
0x00000001875d2000 	/usr/lib/system/libsystem_malloc.dylib
0x000000018d73d000 	/usr/lib/system/libsystem_networkextension.dylib
0x000000018b73a000 	/usr/lib/system/libsystem_notify.dylib
0x0000000193de8000 	/usr/lib/system/libsystem_sandbox.dylib
0x0000000270347000 	/usr/lib/system/libsystem_sanitizers.dylib
0x0000000195a18000 	/usr/lib/system/libsystem_secinit.dylib
0x0000000187791000 	/usr/lib/system/libsystem_kernel.dylib
0x000000018780a000 	/usr/lib/system/libsystem_platform.dylib
0x00000001877cd000 	/usr/lib/system/libsystem_pthread.dylib
0x000000018f331000 	/usr/lib/system/libsystem_symptoms.dylib
0x0000000187517000 	/usr/lib/system/libsystem_trace.dylib
0x00000001959f2000 	/usr/lib/system/libunwind.dylib
0x00000001874cc000 	/usr/lib/system/libxpc.dylib
0x0000000194db9000 	/System/Library/PrivateFrameworks/BackgroundTaskManagement.framework/Versions/A/BackgroundTaskManagement
0x0000000231671000 	/System/Library/PrivateFrameworks/AppleKeyStore.framework/Versions/A/AppleKeyStore
0x000000026ed68000 	/usr/lib/libCoreEntitlements.dylib
0x000000024c73c000 	/System/Library/PrivateFrameworks/MessageSecurity.framework/Versions/A/MessageSecurity
0x00000001954f0000 	/System/Library/PrivateFrameworks/AppleFSCompression.framework/Versions/A/AppleFSCompression
0x0000000194e02000 	/usr/lib/libcoretls.dylib
0x000000019700b000 	/usr/lib/libcoretls_cfhelpers.dylib
0x0000000195c57000 	/usr/lib/libpam.2.dylib
0x000000019707f000 	/usr/lib/libxar.1.dylib
0x000000019700d000 	/System/Library/PrivateFrameworks/APFS.framework/Versions/A/APFS
0x000000025f9ff000 	/System/Library/PrivateFrameworks/SwiftASN1Internal.framework/Versions/A/SwiftASN1Internal
0x000000019708e000 	/usr/lib/libutil.dylib
0x00000001959cb000 	/usr/lib/system/libkxld.dylib
0x0000000193df1000 	/System/Library/PrivateFrameworks/AppleSystemInfo.framework/Versions/A/AppleSystemInfo
0x00000001b0632000 	/System/Library/PrivateFrameworks/LoggingSupport.framework/Versions/A/LoggingSupport
0x000000019e416000 	/System/Library/PrivateFrameworks/PowerLog.framework/Versions/A/PowerLog
0x00000001ee1ae000 	/System/Library/Frameworks/SwiftData.framework/Versions/A/SwiftData
0x000000018cdea000 	/System/Library/Frameworks/UniformTypeIdentifiers.framework/Versions/A/UniformTypeIdentifiers
0x000000018d2a1000 	/usr/lib/libboringssl.dylib
0x000000018f320000 	/usr/lib/libdns_services.dylib
0x00000001af7e1000 	/usr/lib/libquic.dylib
0x0000000198eff000 	/usr/lib/libusrtcp.dylib
0x00000001d4122000 	/System/Library/PrivateFrameworks/InternalSwiftProtobuf.framework/Versions/A/InternalSwiftProtobuf
0x000000026fef4000 	/usr/lib/swift/libswiftDistributed.dylib
0x000000026ff20000 	/usr/lib/swift/libswiftObservation.dylib
0x000000026ff8d000 	/usr/lib/swift/libswiftSynchronization.dylib
0x000000018d372000 	/usr/lib/libnetwork.dylib
0x00000001c12e2000 	/System/Library/PrivateFrameworks/OSAnalytics.framework/Versions/A/OSAnalytics
0x0000000195bef000 	/System/Library/PrivateFrameworks/AppleSauce.framework/Versions/A/AppleSauce
0x000000019f6eb000 	/System/Library/PrivateFrameworks/CoreSymbolication.framework/Versions/A/CoreSymbolication
0x00000001cfdeb000 	/System/Library/PrivateFrameworks/Symbolication.framework/Versions/A/Symbolication
0x000000019f6c7000 	/System/Library/PrivateFrameworks/DebugSymbols.framework/Versions/A/DebugSymbols
0x000000026ec33000 	/usr/lib/libAppleArchive.dylib
0x00000001954fc000 	/usr/lib/libbz2.1.0.dylib
0x0000000196fec000 	/usr/lib/liblzma.5.dylib
0x00000001b06bb000 	/System/Library/PrivateFrameworks/MallocStackLogging.framework/Versions/A/MallocStackLogging
0x00000001971da000 	/System/Library/PrivateFrameworks/CrashReporterSupport.framework/Versions/A/CrashReporterSupport
0x000000018888d000 	/System/Library/PrivateFrameworks/Lexicon.framework/Versions/A/Lexicon
0x0000000244a7c000 	/System/Library/PrivateFrameworks/IO80211.framework/Versions/A/IO80211
0x000000019f1ed000 	/System/Library/PrivateFrameworks/FrontBoardServices.framework/Versions/A/FrontBoardServices
0x0000000194d2a000 	/System/Library/Frameworks/SecurityFoundation.framework/Versions/A/SecurityFoundation
0x0000000194e8c000 	/usr/lib/libgermantok.dylib
0x0000000193f15000 	/System/Library/PrivateFrameworks/LinguisticData.framework/Versions/A/LinguisticData
0x000000019f2ba000 	/System/Library/PrivateFrameworks/BoardServices.framework/Versions/A/BoardServices
0x0000000194d1b000 	/System/Library/PrivateFrameworks/AssertionServices.framework/Versions/A/AssertionServices
0x00000001a0f0a000 	/System/Library/PrivateFrameworks/BackBoardServices.framework/Versions/A/BackBoardServices
0x000000019798e000 	/System/Library/PrivateFrameworks/AppleJPEG.framework/Versions/A/AppleJPEG
0x000000019742f000 	/usr/lib/libexpat.1.dylib
0x0000000197fba000 	/System/Library/Frameworks/ImageIO.framework/Versions/A/Resources/libPng.dylib
0x0000000197fe5000 	/System/Library/Frameworks/ImageIO.framework/Versions/A/Resources/libTIFF.dylib
0x00000001980cf000 	/System/Library/Frameworks/ImageIO.framework/Versions/A/Resources/libGIF.dylib
0x00000001979d4000 	/System/Library/Frameworks/ImageIO.framework/Versions/A/Resources/libJP2.dylib
0x0000000197140000 	/usr/lib/libate.dylib
0x0000000198076000 	/System/Library/Frameworks/ImageIO.framework/Versions/A/Resources/libJPEG.dylib
0x000000019806d000 	/System/Library/Frameworks/ImageIO.framework/Versions/A/Resources/libRadiance.dylib
0x000000019050b000 	/System/Library/Frameworks/Accelerate.framework/Versions/A/Frameworks/vImage.framework/Versions/A/vImage
0x000000019d437000 	/System/Library/Frameworks/Accelerate.framework/Versions/A/Frameworks/vecLib.framework/Versions/A/vecLib
0x00000001970c6000 	/System/Library/Frameworks/Accelerate.framework/Versions/A/Frameworks/vecLib.framework/Versions/A/libvMisc.dylib
0x00000001881f9000 	/System/Library/Frameworks/Accelerate.framework/Versions/A/Frameworks/vecLib.framework/Versions/A/libBLAS.dylib
0x00000001e7caa000 	/System/Library/Frameworks/OpenGL.framework/Versions/A/OpenGL
0x0000000240810000 	/System/Library/PrivateFrameworks/GPUCompiler.framework/Versions/32023/Libraries/libllvm-flatbuffers.dylib
0x000000023bc0c000 	/System/Library/PrivateFrameworks/FramePacing.framework/Versions/A/FramePacing
0x00000001e7c9c000 	/System/Library/Frameworks/OpenGL.framework/Versions/A/Libraries/libCoreFSCache.dylib
0x000000023c781000 	/System/Library/PrivateFrameworks/GPUCompiler.framework/Versions/32023/Libraries/libGPUCompilerUtils.dylib
0x00000001e7cfa000 	/System/Library/Frameworks/OpenGL.framework/Versions/A/Libraries/libGLU.dylib
0x00000001e7cbe000 	/System/Library/Frameworks/OpenGL.framework/Versions/A/Libraries/libGFXShared.dylib
0x00000001e7e86000 	/System/Library/Frameworks/OpenGL.framework/Versions/A/Libraries/libGL.dylib
0x00000001e7cc7000 	/System/Library/Frameworks/OpenGL.framework/Versions/A/Libraries/libGLImage.dylib
0x00000001e7cbb000 	/System/Library/Frameworks/OpenGL.framework/Versions/A/Libraries/libCVMSPluginSupport.dylib
0x00000001e7ca4000 	/System/Library/Frameworks/OpenGL.framework/Versions/A/Libraries/libCoreVMClient.dylib
0x0000000193978000 	/System/Library/Frameworks/CoreImage.framework/Versions/A/CoreImage
0x00000001a2d1a000 	/System/Library/PrivateFrameworks/ASEProcessing.framework/Versions/A/ASEProcessing
0x0000000253c47000 	/System/Library/PrivateFrameworks/PhotosensitivityProcessing.framework/Versions/A/PhotosensitivityProcessing
0x0000000197607000 	/System/Library/PrivateFrameworks/GraphVisualizer.framework/Versions/A/GraphVisualizer
0x0000000194abb000 	/System/Library/PrivateFrameworks/CoreEmoji.framework/Versions/A/CoreEmoji
0x000000023bb41000 	/System/Library/PrivateFrameworks/FontServices.framework/Versions/A/FontServices
0x0000000197613000 	/System/Library/PrivateFrameworks/OTSVG.framework/Versions/A/OTSVG
0x0000000190cef000 	/System/Library/Frameworks/ApplicationServices.framework/Versions/A/Frameworks/ATS.framework/Versions/A/Resources/libFontRegistry.dylib
0x0000000194cfe000 	/System/Library/PrivateFrameworks/MobileKeyBag.framework/Versions/A/MobileKeyBag
0x0000000193def000 	/System/Library/PrivateFrameworks/AggregateDictionary.framework/Versions/A/AggregateDictionary
0x000000026f2f5000 	/usr/lib/libhvf.dylib
0x00000002509e0000 	/System/Library/PrivateFrameworks/ParsingInternal.framework/Versions/A/ParsingInternal
0x000000026ff3d000 	/usr/lib/swift/libswiftRegexBuilder.dylib
0x00000002700c5000 	/usr/lib/swift/libswift_RegexParser.dylib
0x000000023bb42000 	/System/Library/PrivateFrameworks/FontServices.framework/libXTFontStaticRegistryData.dylib
0x0000000193d33000 	/System/Library/Frameworks/MetalPerformanceShaders.framework/Versions/A/Frameworks/MPSCore.framework/Versions/A/MPSCore
0x000000019545b000 	/System/Library/Frameworks/MetalPerformanceShaders.framework/Versions/A/Frameworks/MPSImage.framework/Versions/A/MPSImage
0x0000000194ea4000 	/System/Library/Frameworks/MetalPerformanceShaders.framework/Versions/A/Frameworks/MPSNeuralNetwork.framework/Versions/A/MPSNeuralNetwork
0x00000001952db000 	/System/Library/Frameworks/MetalPerformanceShaders.framework/Versions/A/Frameworks/MPSMatrix.framework/Versions/A/MPSMatrix
0x00000001950f0000 	/System/Library/Frameworks/MetalPerformanceShaders.framework/Versions/A/Frameworks/MPSRayIntersector.framework/Versions/A/MPSRayIntersector
0x000000019530d000 	/System/Library/Frameworks/MetalPerformanceShaders.framework/Versions/A/Frameworks/MPSNDArray.framework/Versions/A/MPSNDArray
0x00000001eb59c000 	/System/Library/Frameworks/MetalPerformanceShaders.framework/Versions/A/Frameworks/MPSFunctions.framework/Versions/A/MPSFunctions
0x00000001eb57e000 	/System/Library/Frameworks/MetalPerformanceShaders.framework/Versions/A/Frameworks/MPSBenchmarkLoop.framework/Versions/A/MPSBenchmarkLoop
0x0000000188074000 	/System/Library/PrivateFrameworks/MetalTools.framework/Versions/A/MetalTools
0x00000001b53a4000 	/System/Library/PrivateFrameworks/IOAccelMemoryInfo.framework/Versions/A/IOAccelMemoryInfo
0x00000001c2aa0000 	/System/Library/PrivateFrameworks/kperf.framework/Versions/A/kperf
0x00000001b0722000 	/System/Library/PrivateFrameworks/GPURawCounter.framework/Versions/A/GPURawCounter
0x00000001949c9000 	/System/Library/Frameworks/Accelerate.framework/Versions/A/Frameworks/vecLib.framework/Versions/A/libvDSP.dylib
0x0000000195d33000 	/System/Library/Frameworks/Accelerate.framework/Versions/A/Frameworks/vecLib.framework/Versions/A/libLAPACK.dylib
0x0000000194e8f000 	/System/Library/Frameworks/Accelerate.framework/Versions/A/Frameworks/vecLib.framework/Versions/A/libLinearAlgebra.dylib
0x0000000195c2e000 	/System/Library/Frameworks/Accelerate.framework/Versions/A/Frameworks/vecLib.framework/Versions/A/libSparseBLAS.dylib
0x0000000195d2e000 	/System/Library/Frameworks/Accelerate.framework/Versions/A/Frameworks/vecLib.framework/Versions/A/libQuadrature.dylib
0x0000000193f1c000 	/System/Library/Frameworks/Accelerate.framework/Versions/A/Frameworks/vecLib.framework/Versions/A/libBNNS.dylib
0x000000018899a000 	/System/Library/Frameworks/Accelerate.framework/Versions/A/Frameworks/vecLib.framework/Versions/A/libSparse.dylib
0x0000000249b2b000 	/System/Library/PrivateFrameworks/MIL.framework/Versions/A/MIL
0x000000019f367000 	/System/Library/PrivateFrameworks/GraphicsServices.framework/Versions/A/GraphicsServices
0x0000000195a6b000 	/usr/lib/libiconv.2.dylib
0x00000001959c6000 	/usr/lib/libcharset.1.dylib
0x0000000194b7f000 	/System/Library/PrivateFrameworks/CoreUtils.framework/Versions/A/CoreUtils
0x00000001e98cb000 	/System/Library/Frameworks/ExtensionFoundation.framework/Versions/A/ExtensionFoundation
0x00000001b0726000 	/usr/lib/swift/libswiftCoreAudio.dylib
0x000000023935a000 	/System/Library/PrivateFrameworks/CoreUtilsExtras.framework/Versions/A/CoreUtilsExtras
0x000000019732e000 	/System/Library/PrivateFrameworks/PlugInKit.framework/Versions/A/PlugInKit
0x0000000190fd5000 	/System/Library/Frameworks/OpenDirectory.framework/Versions/A/OpenDirectory
0x0000000190fe3000 	/System/Library/Frameworks/OpenDirectory.framework/Versions/A/Frameworks/CFOpenDirectory.framework/Versions/A/CFOpenDirectory
0x000000018a4d0000 	/System/Library/Frameworks/CoreAudio.framework/Versions/A/CoreAudio
0x0000000197654000 	/System/Library/PrivateFrameworks/AppServerSupport.framework/Versions/A/AppServerSupport
0x0000000199c27000 	/System/Library/PrivateFrameworks/perfdata.framework/Versions/A/perfdata
0x0000000189ef9000 	/System/Library/PrivateFrameworks/AudioToolboxCore.framework/Versions/A/AudioToolboxCore
0x0000000192e45000 	/System/Library/PrivateFrameworks/caulk.framework/Versions/A/caulk
0x00000001997e4000 	/usr/lib/libAudioStatistics.dylib
0x00000001af8da000 	/System/Library/PrivateFrameworks/SystemPolicy.framework/Versions/A/SystemPolicy
0x0000000199ac8000 	/usr/lib/libSMC.dylib
0x00000001a3e24000 	/System/Library/Frameworks/CoreMIDI.framework/Versions/A/CoreMIDI
0x0000000197f84000 	/usr/lib/libAudioToolboxUtility.dylib
0x0000000199c35000 	/usr/lib/libperfcheck.dylib
0x00000002321ef000 	/System/Library/PrivateFrameworks/AudioAnalytics.framework/Versions/A/AudioAnalytics
0x00000001db458000 	/System/Library/PrivateFrameworks/FeatureFlags.framework/Versions/A/FeatureFlags
0x00000001d3ee9000 	/System/Library/Frameworks/OSLog.framework/Versions/A/OSLog
0x00000001b06ed000 	/usr/lib/libmis.dylib
0x000000018ea97000 	/System/Library/Frameworks/CoreData.framework/Versions/A/CoreData
0x000000019744a000 	/usr/lib/libheimdal-asn1.dylib
0x000000026ef73000 	/usr/lib/libTLE.dylib
0x00000001a10d0000 	/System/Library/PrivateFrameworks/DiskImages.framework/Versions/A/DiskImages
0x00000001ad5d9000 	/System/Library/Frameworks/NetFS.framework/Versions/A/NetFS
0x00000001974a1000 	/System/Library/PrivateFrameworks/IconServices.framework/Versions/A/IconServices
0x00000001e91f6000 	/System/Library/Frameworks/CoreTransferable.framework/Versions/A/CoreTransferable
0x0000000197454000 	/System/Library/PrivateFrameworks/IconFoundation.framework/Versions/A/IconFoundation
0x0000000190d41000 	/System/Library/PrivateFrameworks/CoreUI.framework/Versions/A/CoreUI
0x000000019815b000 	/System/Library/PrivateFrameworks/TextureIO.framework/Versions/A/TextureIO
0x00000001935be000 	/System/Library/PrivateFrameworks/CoreSVG.framework/Versions/A/CoreSVG
0x00000001c6d15000 	/usr/lib/swift/libswiftAccelerate.dylib
0x00000001995db000 	/System/Library/Frameworks/AudioToolbox.framework/Versions/A/AudioToolbox
0x0000000199786000 	/System/Library/PrivateFrameworks/AudioSession.framework/Versions/A/AudioSession
0x0000000197534000 	/System/Library/PrivateFrameworks/MediaExperience.framework/Versions/A/MediaExperience
0x0000000199594000 	/System/Library/PrivateFrameworks/AudioSession.framework/libSessionUtility.dylib
0x00000001980d5000 	/System/Library/PrivateFrameworks/CMCaptureCore.framework/Versions/A/CMCaptureCore
0x000000019765e000 	/usr/lib/libspindump.dylib
0x000000019f7f8000 	/System/Library/PrivateFrameworks/CoreTime.framework/Versions/A/CoreTime
0x00000001aa0ca000 	/usr/lib/libAccessibility.dylib
0x000000019d758000 	/System/Library/Frameworks/MediaAccessibility.framework/Versions/A/MediaAccessibility
0x0000000265d05000 	/System/Library/PrivateFrameworks/VideoToolboxParavirtualizationSupport.framework/Versions/A/VideoToolboxParavirtualizationSupport
0x00000001973e6000 	/System/Library/PrivateFrameworks/AppleVA.framework/Versions/A/AppleVA
0x000000019e31f000 	/System/Library/Frameworks/CoreBluetooth.framework/Versions/A/CoreBluetooth
0x0000000199e19000 	/System/Library/PrivateFrameworks/CorePhoneNumbers.framework/Versions/A/CorePhoneNumbers
0x00000001e8222000 	/System/Library/Frameworks/AVFAudio.framework/Versions/A/AVFAudio
0x00000001971d1000 	/usr/lib/libIOReport.dylib
0x0000000231dff000 	/System/Library/PrivateFrameworks/AppleMobileFileIntegrity.framework/Versions/A/AppleMobileFileIntegrity
0x00000001e4cf8000 	/System/Library/PrivateFrameworks/ConfigProfileHelper.framework/Versions/A/ConfigProfileHelper
0x0000000194e2c000 	/usr/lib/libmecab.dylib
0x00000002483b4000 	/System/Library/PrivateFrameworks/IsolatedCoreAudioClient.framework/Versions/A/IsolatedCoreAudioClient
0x000000019b0bf000 	/System/Library/Frameworks/IOBluetooth.framework/Versions/A/IOBluetooth
0x00000002624c3000 	/System/Library/PrivateFrameworks/Tightbeam.framework/Versions/A/Tightbeam
0x00000002363a7000 	/System/Library/PrivateFrameworks/CoreAudioOrchestration.framework/Versions/A/CoreAudioOrchestration
0x00000001c73d8000 	/System/Library/PrivateFrameworks/AFKUser.framework/Versions/A/AFKUser
0x00000001a1b2f000 	/System/Library/Frameworks/AudioUnit.framework/Versions/A/AudioUnit
0x0000000198068000 	/System/Library/PrivateFrameworks/GPUWrangler.framework/Versions/A/GPUWrangler
0x0000000198048000 	/System/Library/PrivateFrameworks/IOPresentment.framework/Versions/A/IOPresentment
0x0000000198070000 	/System/Library/PrivateFrameworks/DSExternalDisplay.framework/Versions/A/DSExternalDisplay
0x0000000188b2a000 	/usr/lib/libCRFSuite.dylib
0x0000000193df8000 	/System/Library/PrivateFrameworks/CoreNLP.framework/Versions/A/CoreNLP
0x0000000195be6000 	/usr/lib/libThaiTokenizer.dylib
0x00000001b07a1000 	/usr/lib/swift/libswiftCoreImage.dylib
0x000000019e507000 	/System/Library/PrivateFrameworks/MediaKit.framework/Versions/A/MediaKit
0x000000019e452000 	/System/Library/Frameworks/DiscRecording.framework/Versions/A/DiscRecording
0x0000000198503000 	/System/Library/PrivateFrameworks/DataDetectorsCore.framework/Versions/A/DataDetectorsCore
0x00000001b40a4000 	/System/Library/PrivateFrameworks/TextInput.framework/Versions/A/TextInput
0x000000018cc38000 	/System/Library/PrivateFrameworks/UIFoundation.framework/Versions/A/UIFoundation
0x0000000199c08000 	/System/Library/PrivateFrameworks/NetAuth.framework/Versions/A/NetAuth
0x00000001911d3000 	/System/Library/PrivateFrameworks/login.framework/Versions/A/Frameworks/loginsupport.framework/Versions/A/loginsupport
0x00000001a128e000 	/usr/lib/libcurl.4.dylib
0x000000026f1a7000 	/usr/lib/libcrypto.46.dylib
0x000000026fcd1000 	/usr/lib/libssl.48.dylib
0x00000001a0f66000 	/System/Library/Frameworks/LDAP.framework/Versions/A/LDAP
0x0000000199c43000 	/System/Library/Frameworks/Kerberos.framework/Versions/A/Kerberos
0x00000001a0fa2000 	/System/Library/PrivateFrameworks/TrustEvaluationAgent.framework/Versions/A/TrustEvaluationAgent
0x00000001998c6000 	/usr/lib/libsasl2.2.dylib
0x00000001998a9000 	/usr/lib/libresolv.9.dylib
0x0000000197665000 	/System/Library/PrivateFrameworks/Heimdal.framework/Versions/A/Heimdal
0x00000001a1b2e000 	/System/Library/Frameworks/Kerberos.framework/Versions/A/Libraries/libHeimdalProxy.dylib
0x0000000199ca6000 	/System/Library/PrivateFrameworks/CommonAuth.framework/Versions/A/CommonAuth
0x0000000194df6000 	/usr/lib/libCheckFix.dylib
0x0000000190416000 	/System/Library/PrivateFrameworks/MetadataUtilities.framework/Versions/A/MetadataUtilities
0x0000000245360000 	/System/Library/PrivateFrameworks/InstalledContentLibrary.framework/Versions/A/InstalledContentLibrary
0x000000018b616000 	/System/Library/PrivateFrameworks/CoreServicesStore.framework/Versions/A/CoreServicesStore
0x000000019103a000 	/usr/lib/libapp_launch_measurement.dylib
0x00000001c2baa000 	/System/Library/PrivateFrameworks/MobileSystemServices.framework/Versions/A/MobileSystemServices
0x0000000197092000 	/usr/lib/libxslt.1.dylib
0x00000001d42f0000 	/System/Library/PrivateFrameworks/HIDDisplay.framework/Versions/A/HIDDisplay
0x00000001a92e8000 	/System/Library/PrivateFrameworks/HID.framework/Versions/A/HID
0x00000001980a1000 	/System/Library/Frameworks/ApplicationServices.framework/Versions/A/Frameworks/ATSUI.framework/Versions/A/ATSUI
0x0000000199ba9000 	/usr/lib/libcups.2.dylib
0x00000001aa00e000 	/System/Library/PrivateFrameworks/AXCoreUtilities.framework/Versions/A/AXCoreUtilities
0x00000001b8d44000 	/System/Library/PrivateFrameworks/AttributeGraph.framework/Versions/A/AttributeGraph
0x000000026ebb1000 	/usr/lib/libAXSafeCategoryBundle.dylib
0x00000001a3ff7000 	/System/Library/Frameworks/Cocoa.framework/Versions/A/Cocoa
0x000000018b7a7000 	/System/Library/Frameworks/AppKit.framework/Versions/C/AppKit
0x00000002358c6000 	/System/Library/PrivateFrameworks/CollectionViewCore.framework/Versions/A/CollectionViewCore
0x00000001935b8000 	/System/Library/PrivateFrameworks/XCTTargetBootstrap.framework/Versions/A/XCTTargetBootstrap
0x0000000198552000 	/System/Library/PrivateFrameworks/UserActivity.framework/Versions/A/UserActivity
0x0000000264250000 	/System/Library/PrivateFrameworks/UIIntelligenceSupport.framework/Versions/A/UIIntelligenceSupport
0x00000001ee2e9000 	/System/Library/Frameworks/SwiftUICore.framework/Versions/A/SwiftUICore
0x00000002692d6000 	/System/Library/PrivateFrameworks/WritingTools.framework/Versions/A/WritingTools
0x000000026831a000 	/System/Library/PrivateFrameworks/WindowManagement.framework/Versions/A/WindowManagement
0x00000001935a3000 	/System/Library/PrivateFrameworks/DFRFoundation.framework/Versions/A/DFRFoundation
0x000000019329c000 	/System/Library/Frameworks/Carbon.framework/Versions/A/Frameworks/HIToolbox.framework/Versions/A/HIToolbox
0x000000019d065000 	/System/Library/Frameworks/Carbon.framework/Versions/A/Frameworks/SpeechRecognition.framework/Versions/A/SpeechRecognition
0x00000001a8648000 	/System/Library/PrivateFrameworks/RenderBox.framework/Versions/A/RenderBox
0x0000000190fcb000 	/System/Library/PrivateFrameworks/PerformanceAnalysis.framework/Versions/A/PerformanceAnalysis
0x000000019d3dd000 	/System/Library/Frameworks/Accessibility.framework/Versions/A/Accessibility
0x00000001e977b000 	/System/Library/Frameworks/DataDetection.framework/Versions/A/DataDetection
0x00000001e977e000 	/System/Library/Frameworks/DeveloperToolsSupport.framework/Versions/A/DeveloperToolsSupport
0x00000001eeeac000 	/System/Library/Frameworks/Symbols.framework/Versions/A/Symbols
0x000000026fef3000 	/usr/lib/swift/libswiftDataDetection.dylib
0x00000001adaaf000 	/usr/lib/swift/libswiftCoreGraphics.dylib
0x000000019dd87000 	/usr/lib/swift/libswiftFoundation.dylib
0x00000001e4782000 	/usr/lib/swift/libswiftSwiftOnoneSupport.dylib
0x00000001d059c000 	/System/Library/PrivateFrameworks/CoreMaterial.framework/Versions/A/CoreMaterial
0x000000025656a000 	/System/Library/PrivateFrameworks/SFSymbols.framework/Versions/A/SFSymbols
0x000000019d052000 	/System/Library/PrivateFrameworks/SpeechRecognitionCore.framework/Versions/A/SpeechRecognitionCore
0x00000001061a4000 	/Library/Java/JavaVirtualMachines/jdk-23.jdk/Contents/Home/lib/server/libjvm.dylib
0x0000000104e54000 	/Library/Java/JavaVirtualMachines/jdk-23.jdk/Contents/Home/lib/libjimage.dylib
0x0000000104e80000 	/Library/Java/JavaVirtualMachines/jdk-23.jdk/Contents/Home/lib/libinstrument.dylib
0x0000000104ec8000 	/Library/Java/JavaVirtualMachines/jdk-23.jdk/Contents/Home/lib/libjava.dylib
0x0000000104f38000 	/Library/Java/JavaVirtualMachines/jdk-23.jdk/Contents/Home/lib/libzip.dylib
0x0000000105a24000 	/Library/Java/JavaVirtualMachines/jdk-23.jdk/Contents/Home/lib/libnio.dylib
0x00000001050b4000 	/Library/Java/JavaVirtualMachines/jdk-23.jdk/Contents/Home/lib/libnet.dylib
0x0000000105a44000 	/Library/Java/JavaVirtualMachines/jdk-23.jdk/Contents/Home/lib/libextnet.dylib
0x0000000105a58000 	/Library/Java/JavaVirtualMachines/jdk-23.jdk/Contents/Home/lib/libmanagement.dylib
0x0000000105a6c000 	/Library/Java/JavaVirtualMachines/jdk-23.jdk/Contents/Home/lib/libmanagement_ext.dylib
0x0000000105a80000 	/Users/saaad/.openjfx/cache/21.0.6+3/aarch64/libprism_es2.dylib
0x00000001af2fd000 	/System/Library/Frameworks/Carbon.framework/Versions/A/Carbon
0x00000001a6333000 	/System/Library/Frameworks/Carbon.framework/Versions/A/Frameworks/CommonPanels.framework/Versions/A/CommonPanels
0x00000001a1279000 	/System/Library/Frameworks/Carbon.framework/Versions/A/Frameworks/Help.framework/Versions/A/Help
0x00000001a6337000 	/System/Library/Frameworks/Carbon.framework/Versions/A/Frameworks/ImageCapture.framework/Versions/A/ImageCapture
0x00000001a6313000 	/System/Library/Frameworks/Carbon.framework/Versions/A/Frameworks/OpenScripting.framework/Versions/A/OpenScripting
0x00000001a6332000 	/System/Library/Frameworks/Carbon.framework/Versions/A/Frameworks/Ink.framework/Versions/A/Ink
0x00000001a632f000 	/System/Library/Frameworks/Carbon.framework/Versions/A/Frameworks/SecurityHI.framework/Versions/A/SecurityHI
0x00000001e7e90000 	/System/Library/Frameworks/OpenGL.framework/Versions/A/Resources/GLEngine.bundle/GLEngine
0x00000001e7d35000 	/System/Library/Frameworks/OpenGL.framework/Versions/A/Libraries/libGLProgrammability.dylib
0x0000000105eb8000 	/System/Library/Extensions/AppleMetalOpenGLRenderer.bundle/Contents/MacOS/AppleMetalOpenGLRenderer
0x00000001e7ff1000 	/System/Library/Frameworks/OpenGL.framework/Versions/A/Resources/GLRendererFloat.bundle/GLRendererFloat
0x000000012b380000 	/System/Library/Extensions/AGXMetalG15G_C0.bundle/Contents/MacOS/AGXMetalG15G_C0
0x00000001a92f9000 	/System/Library/PrivateFrameworks/IOGPU.framework/Versions/A/IOGPU
0x0000000105f54000 	/Users/saaad/.openjfx/cache/21.0.6+3/aarch64/libglass.dylib
0x0000000190e9a000 	/System/Library/PrivateFrameworks/ViewBridge.framework/Versions/A/ViewBridge
0x00000001b67bc000 	/System/Library/Frameworks/Accelerate.framework/Versions/A/Frameworks/vImage.framework/Versions/A/Libraries/libCGInterfaces.dylib
0x0000000122fcc000 	/usr/lib/libobjc-trampolines.dylib
0x000000026ebb5000 	/usr/lib/libAccessibilityBaseImplementations.dylib
0x00000002692db000 	/System/Library/PrivateFrameworks/WritingToolsUI.framework/Versions/A/WritingToolsUI
0x000000024196b000 	/System/Library/PrivateFrameworks/GenerativeAssistantSettings.framework/Versions/A/GenerativeAssistantSettings
0x0000000260705000 	/System/Library/PrivateFrameworks/TextComposer.framework/Versions/A/TextComposer
0x00000001b074e000 	/usr/lib/swift/libswiftIntents.dylib
0x000000026ff4f000 	/usr/lib/swift/libswiftSpatial.dylib
0x00000001e837b000 	/System/Library/Frameworks/AppIntents.framework/Versions/A/AppIntents
0x00000001b761c000 	/System/Library/Frameworks/SwiftUI.framework/Versions/A/SwiftUI
0x00000001adb8b000 	/System/Library/Frameworks/WebKit.framework/Versions/A/WebKit
0x000000022d316000 	/System/Library/Frameworks/_AuthenticationServices_SwiftUI.framework/Versions/A/_AuthenticationServices_SwiftUI
0x000000022fef6000 	/System/Library/PrivateFrameworks/Anvil.framework/Versions/A/Anvil
0x00000001b6c91000 	/System/Library/PrivateFrameworks/AppStoreDaemon.framework/Versions/A/AppStoreDaemon
0x00000001a403f000 	/System/Library/PrivateFrameworks/AppleMediaServices.framework/Versions/A/AppleMediaServices
0x00000001b3710000 	/System/Library/PrivateFrameworks/AppleMediaServicesUI.framework/Versions/A/AppleMediaServicesUI
0x0000000241945000 	/System/Library/PrivateFrameworks/GenerativeAssistantCommon.framework/Versions/A/GenerativeAssistantCommon
0x00000001e3d9b000 	/System/Library/PrivateFrameworks/JetEngine.framework/Versions/A/JetEngine
0x000000024948c000 	/System/Library/PrivateFrameworks/LinkMetadata.framework/Versions/A/LinkMetadata
0x00000001b0fd0000 	/System/Library/PrivateFrameworks/OnBoardingKit.framework/Versions/A/OnBoardingKit
0x00000002573e5000 	/System/Library/PrivateFrameworks/Settings.framework/Versions/A/Settings
0x0000000195836000 	/System/Library/Frameworks/CoreSpotlight.framework/Versions/A/CoreSpotlight
0x00000002496cd000 	/System/Library/PrivateFrameworks/LinkServices.framework/Versions/A/LinkServices
0x0000000239fea000 	/System/Library/PrivateFrameworks/DoNotDisturb.framework/Versions/A/DoNotDisturb
0x00000001b54b4000 	/System/Library/PrivateFrameworks/IntentsCore.framework/Versions/A/IntentsCore
0x00000002325dc000 	/System/Library/PrivateFrameworks/AvailabilityKit.framework/Versions/A/AvailabilityKit
0x0000000230146000 	/System/Library/PrivateFrameworks/AppIntentSchemas.framework/Versions/A/AppIntentSchemas
0x000000025f21b000 	/System/Library/PrivateFrameworks/StatusKit.framework/Versions/A/StatusKit
0x0000000255717000 	/System/Library/PrivateFrameworks/RecapPerformanceTesting.framework/Versions/A/RecapPerformanceTesting
0x00000001b0fc0000 	/System/Library/PrivateFrameworks/SignpostCollection.framework/Versions/A/SignpostCollection
0x000000026ef72000 	/usr/lib/libSpatial.dylib
0x00000001a3a35000 	/System/Library/Frameworks/WebKit.framework/Versions/A/Frameworks/WebKitLegacy.framework/Versions/A/WebKitLegacy
0x00000001a197b000 	/System/Library/PrivateFrameworks/CorePrediction.framework/Versions/A/CorePrediction
0x0000000191e8c000 	/System/Library/Frameworks/WebKit.framework/Versions/A/Frameworks/WebCore.framework/Versions/A/Frameworks/libwebrtc.dylib
0x00000001adb17000 	/System/Library/PrivateFrameworks/SafariSafeBrowsing.framework/Versions/A/SafariSafeBrowsing
0x000000019994f000 	/System/Library/Frameworks/SecurityInterface.framework/Versions/A/SecurityInterface
0x00000001b0fcf000 	/System/Library/PrivateFrameworks/WebInspectorUI.framework/Versions/A/WebInspectorUI
0x00000001a633a000 	/System/Library/Frameworks/JavaScriptCore.framework/Versions/A/JavaScriptCore
0x00000001aa0fb000 	/System/Library/Frameworks/WebKit.framework/Versions/A/Frameworks/WebCore.framework/Versions/A/WebCore
0x00000001e8d59000 	/System/Library/Frameworks/BrowserEngineCore.framework/Versions/A/BrowserEngineCore
0x000000022ce74000 	/System/Library/Frameworks/WebKit.framework/Versions/A/Frameworks/WebCore.framework/Versions/A/Frameworks/libANGLE-shared.dylib
0x0000000267ed2000 	/System/Library/PrivateFrameworks/WebGPU.framework/Versions/A/WebGPU
0x00000001b2da2000 	/System/Library/Frameworks/SceneKit.framework/Versions/A/SceneKit
0x00000001c33d1000 	/System/Library/Frameworks/ModelIO.framework/Versions/A/ModelIO
0x000000019b28a000 	/System/Library/Frameworks/MetalKit.framework/Versions/A/MetalKit
0x000000019d369000 	/System/Library/Frameworks/GLKit.framework/Versions/A/GLKit
0x0000000270488000 	/usr/lib/usd/libusd_ms.dylib
0x000000026451a000 	/System/Library/PrivateFrameworks/USDLib_FormatLoaderProxy.framework/Versions/A/USDLib_FormatLoaderProxy
0x00000001b01d6000 	/System/Library/PrivateFrameworks/CoreOptimization.framework/Versions/A/CoreOptimization
0x00000002324af000 	/System/Library/PrivateFrameworks/AuthenticationServicesCore.framework/Versions/A/AuthenticationServicesCore
0x00000001b9f33000 	/System/Library/Frameworks/AuthenticationServices.framework/Versions/A/AuthenticationServices
0x000000019730a000 	/System/Library/PrivateFrameworks/SharedWebCredentials.framework/Versions/A/SharedWebCredentials
0x00000001b1e0c000 	/System/Library/PrivateFrameworks/SafariCore.framework/Versions/A/SafariCore
0x00000001b9a8b000 	/System/Library/PrivateFrameworks/SafariFoundation.framework/Versions/A/SafariFoundation
0x0000000233619000 	/System/Library/PrivateFrameworks/CBORLibrary.framework/Versions/A/CBORLibrary
0x00000002343c1000 	/System/Library/PrivateFrameworks/Chirp.framework/Versions/A/Chirp
0x00000001e502d000 	/System/Library/PrivateFrameworks/RemoteManagement.framework/Versions/A/RemoteManagement
0x0000000255a6d000 	/System/Library/PrivateFrameworks/RemoteManagementModel.framework/Versions/A/RemoteManagementModel
0x0000000255afa000 	/System/Library/PrivateFrameworks/RemoteManagementStore.framework/Versions/A/RemoteManagementStore
0x000000019b2a8000 	/usr/lib/libxcselect.dylib
0x00000001b99fa000 	/System/Library/PrivateFrameworks/DifferentialPrivacy.framework/Versions/A/DifferentialPrivacy
0x000000019e038000 	/System/Library/Frameworks/Contacts.framework/Versions/A/Contacts
0x0000000264d3e000 	/System/Library/PrivateFrameworks/VDAF.framework/Versions/A/VDAF
0x000000019de55000 	/System/Library/PrivateFrameworks/ContactsPersistence.framework/Versions/A/ContactsPersistence
0x000000019d06c000 	/System/Library/PrivateFrameworks/AppleLDAP.framework/Versions/A/AppleLDAP
0x00000001a1622000 	/System/Library/Frameworks/ClassKit.framework/Versions/A/ClassKit
0x00000001a3761000 	/System/Library/PrivateFrameworks/CoreSuggestions.framework/Versions/A/CoreSuggestions
0x000000019dd88000 	/System/Library/PrivateFrameworks/ContactsFoundation.framework/Versions/A/ContactsFoundation
0x000000019f329000 	/System/Library/PrivateFrameworks/vCard.framework/Versions/A/vCard
0x0000000235be4000 	/System/Library/PrivateFrameworks/ContactsMetrics.framework/Versions/A/ContactsMetrics
0x0000000197726000 	/System/Library/PrivateFrameworks/login.framework/Versions/A/login
0x000000024b815000 	/System/Library/PrivateFrameworks/ManagedOrganizationContacts.framework/Versions/A/ManagedOrganizationContacts
0x00000001915f8000 	/System/Library/PrivateFrameworks/CloudDocs.framework/Versions/A/CloudDocs
0x00000001a2d50000 	/System/Library/PrivateFrameworks/ConfigurationProfiles.framework/Versions/A/ConfigurationProfiles
0x000000023956a000 	/System/Library/PrivateFrameworks/DMCUtilities.framework/Versions/A/DMCUtilities
0x0000000249aa8000 	/System/Library/PrivateFrameworks/MDMClientLibrary.framework/Versions/A/MDMClientLibrary
0x0000000255aee000 	/System/Library/PrivateFrameworks/RemoteManagementProtocol.framework/Versions/A/RemoteManagementProtocol
0x000000026ed7e000 	/usr/lib/libEndpointSecuritySystem.dylib
0x000000019d792000 	/System/Library/PrivateFrameworks/SystemAdministration.framework/Versions/A/SystemAdministration
0x00000001a7c40000 	/System/Library/PrivateFrameworks/PowerlogControl.framework/Versions/A/PowerlogControl
0x0000000194de8000 	/System/Library/Frameworks/ServiceManagement.framework/Versions/A/ServiceManagement
0x00000001a7c42000 	/usr/lib/libUniversalAccess.dylib
0x00000001a490d000 	/System/Library/PrivateFrameworks/FamilyControls.framework/Versions/A/FamilyControls
0x000000019d01d000 	/System/Library/Frameworks/DirectoryService.framework/Versions/A/DirectoryService
0x00000001a1310000 	/System/Library/PrivateFrameworks/LoginUIKit.framework/Versions/A/Frameworks/LoginUICore.framework/Versions/A/LoginUICore
0x0000000197916000 	/usr/lib/libodfde.dylib
0x00000001a4907000 	/System/Library/PrivateFrameworks/UniversalAccess.framework/Versions/A/Libraries/libUAPreferences.dylib
0x00000001a4931000 	/System/Library/PrivateFrameworks/CommerceKit.framework/Versions/A/Frameworks/CommerceCore.framework/Versions/A/CommerceCore
0x0000000239518000 	/System/Library/PrivateFrameworks/DEPClientLibrary.framework/Versions/A/DEPClientLibrary
0x0000000239538000 	/System/Library/PrivateFrameworks/DMCEnrollmentLibrary.framework/Versions/A/DMCEnrollmentLibrary
0x00000001a7d26000 	/System/Library/PrivateFrameworks/SetupAssistantFramework.framework/Versions/A/SetupAssistantFramework
0x00000001a19d5000 	/System/Library/PrivateFrameworks/AuthKitUI.framework/Versions/A/AuthKitUI
0x00000001a135a000 	/System/Library/PrivateFrameworks/AppSSO.framework/Versions/A/AppSSO
0x00000001b69f7000 	/System/Library/PrivateFrameworks/LocalAuthenticationUI.framework/Versions/A/LocalAuthenticationUI
0x0000000253cac000 	/System/Library/PrivateFrameworks/PlatformSSO.framework/Versions/A/PlatformSSO
0x00000001b73e4000 	/System/Library/PrivateFrameworks/AOSUI.framework/Versions/A/AOSUI
0x00000001a97b7000 	/System/Library/Frameworks/ContactsUI.framework/Versions/A/ContactsUI
0x000000019e26f000 	/System/Library/PrivateFrameworks/FamilyCircle.framework/Versions/A/FamilyCircle
0x00000001c4a80000 	/System/Library/Frameworks/LinkPresentation.framework/Versions/A/LinkPresentation
0x0000000253d78000 	/System/Library/PrivateFrameworks/PlatformSSOCore.framework/Versions/A/PlatformSSOCore
0x00000001a94c9000 	/System/Library/PrivateFrameworks/IASUtilities.framework/Versions/A/IASUtilities
0x00000002449ac000 	/System/Library/PrivateFrameworks/IASUtilitiesCore.framework/Versions/A/IASUtilitiesCore
0x0000000249990000 	/System/Library/PrivateFrameworks/LocalAuthenticationCoreUI.framework/Versions/A/LocalAuthenticationCoreUI
0x00000001b046b000 	/System/Library/Frameworks/LocalAuthentication.framework/Support/DaemonUtils.framework/Versions/A/DaemonUtils
0x00000001b36d7000 	/System/Library/PrivateFrameworks/BridgeXPC.framework/Versions/A/BridgeXPC
0x000000019774a000 	/System/Library/PrivateFrameworks/CoreBrightness.framework/Versions/A/CoreBrightness
0x00000001b10a9000 	/System/Library/PrivateFrameworks/CoreKDL.framework/Versions/A/CoreKDL
0x00000001af8d3000 	/System/Library/PrivateFrameworks/EmbeddedOSSupportHost.framework/Versions/A/EmbeddedOSSupportHost
0x000000025ff2e000 	/System/Library/PrivateFrameworks/SystemStatus.framework/Versions/A/SystemStatus
0x00000001beb5a000 	/System/Library/PrivateFrameworks/StorageKit.framework/Versions/A/StorageKit
0x00000001e66a7000 	/System/Library/Frameworks/DeviceCheck.framework/Versions/A/DeviceCheck
0x00000001e99d2000 	/System/Library/Frameworks/FSKit.framework/Versions/A/FSKit
0x0000000239d08000 	/System/Library/PrivateFrameworks/DiskImages2.framework/Versions/A/DiskImages2
0x000000024981d000 	/System/Library/PrivateFrameworks/LiveFS.framework/Versions/A/LiveFS
0x000000026c61d000 	/System/Library/PrivateFrameworks/icloudMCCKit.framework/Versions/A/icloudMCCKit
0x0000000230e44000 	/System/Library/PrivateFrameworks/AppleAccountUI.framework/Versions/A/AppleAccountUI
0x0000000234ee7000 	/System/Library/PrivateFrameworks/CloudSubscriptionFeatures.framework/Versions/A/CloudSubscriptionFeatures
0x00000001d0568000 	/System/Library/PrivateFrameworks/PreferencePanesSupport.framework/Versions/A/PreferencePanesSupport
0x00000001b7594000 	/System/Library/PrivateFrameworks/FindMyDeviceUI.framework/Versions/A/FindMyDeviceUI
0x000000026a255000 	/System/Library/PrivateFrameworks/iCloudQuotaUI.framework/Versions/A/iCloudQuotaUI
0x00000001d071b000 	/System/Library/PrivateFrameworks/CoreCDPUI.framework/Versions/A/CoreCDPUI
0x00000001b1b73000 	/System/Library/PrivateFrameworks/CoreFollowUpUI.framework/Versions/A/CoreFollowUpUI
0x0000000199988000 	/System/Library/PrivateFrameworks/CoreFollowUp.framework/Versions/A/CoreFollowUp
0x00000001bd8d5000 	/System/Library/PrivateFrameworks/IMCore.framework/Versions/A/IMCore
0x00000001a7ca8000 	/System/Library/PrivateFrameworks/CoreCDP.framework/Versions/A/CoreCDP
0x00000001a4031000 	/System/Library/PrivateFrameworks/AskPermission.framework/Versions/A/AskPermission
0x00000001b542f000 	/System/Library/Frameworks/Quartz.framework/Versions/A/Quartz
0x00000001c13fe000 	/System/Library/PrivateFrameworks/CloudPhotoServicesConfiguration.framework/Versions/A/CloudPhotoServicesConfiguration
0x00000001b3e45000 	/System/Library/PrivateFrameworks/CommerceKit.framework/Versions/A/CommerceKit
0x00000001c2d3c000 	/System/Library/PrivateFrameworks/FindMyMac.framework/Versions/A/FindMyMac
0x00000001c2c13000 	/System/Library/Frameworks/PreferencePanes.framework/Versions/A/PreferencePanes
0x00000001b6aef000 	/System/Library/Frameworks/AddressBook.framework/Versions/A/AddressBook
0x00000001a3019000 	/System/Library/PrivateFrameworks/AOSAccounts.framework/Versions/A/AOSAccounts
0x000000019d78c000 	/System/Library/PrivateFrameworks/AppleSRP.framework/Versions/A/AppleSRP
0x00000001b0385000 	/System/Library/Frameworks/SafariServices.framework/Versions/A/SafariServices
0x00000001a1b37000 	/System/Library/PrivateFrameworks/NetFSServer.framework/Versions/A/NetFSServer
0x00000001b2c7b000 	/System/Library/Frameworks/PDFKit.framework/Versions/A/PDFKit
0x00000001c3c34000 	/System/Library/PrivateFrameworks/EmailFoundation.framework/Versions/A/EmailFoundation
0x00000001c2c70000 	/System/Library/PrivateFrameworks/EmailCore.framework/Versions/A/EmailCore
0x00000001c6a60000 	/System/Library/PrivateFrameworks/EmailAddressing.framework/Versions/A/EmailAddressing
0x00000001c6a6c000 	/System/Library/PrivateFrameworks/Email.framework/Versions/A/Email
0x00000001eeec3000 	/System/Library/Frameworks/TabularData.framework/Versions/A/TabularData
0x000000026ff2f000 	/usr/lib/swift/libswiftPassKit.dylib
0x000000023271e000 	/System/Library/PrivateFrameworks/BackgroundSystemTasks.framework/Versions/A/BackgroundSystemTasks
0x0000000249a1f000 	/System/Library/PrivateFrameworks/LockdownMode.framework/Versions/A/LockdownMode
0x000000019e269000 	/System/Library/PrivateFrameworks/CommunicationsFilter.framework/Versions/A/CommunicationsFilter
0x00000001d422c000 	/System/Library/Frameworks/PassKit.framework/Versions/A/PassKit
0x00000001a5431000 	/System/Library/PrivateFrameworks/PassKitCore.framework/Versions/A/PassKitCore
0x0000000251263000 	/System/Library/PrivateFrameworks/PassKitMacHelperTemp.framework/Versions/A/PassKitMacHelperTemp
0x0000000230183000 	/System/Library/PrivateFrameworks/AppIntentsServices.framework/Versions/A/AppIntentsServices
0x00000001a2c2f000 	/System/Library/PrivateFrameworks/CoreRecents.framework/Versions/A/CoreRecents
0x00000001b04b8000 	/System/Library/PrivateFrameworks/BiometricKit.framework/Versions/A/BiometricKit
0x00000002564ab000 	/System/Library/PrivateFrameworks/SEService.framework/Versions/A/SEService
0x00000001a382d000 	/System/Library/Frameworks/EventKit.framework/Versions/A/EventKit
0x00000001b54d4000 	/System/Library/PrivateFrameworks/NearField.framework/Versions/A/NearField
0x00000001b720c000 	/System/Library/PrivateFrameworks/FTClientServices.framework/Versions/A/FTClientServices
0x00000001cff89000 	/System/Library/PrivateFrameworks/DiagnosticRequest.framework/Versions/A/DiagnosticRequest
0x000000026ef2c000 	/usr/lib/libSESShared.dylib
0x000000025664c000 	/System/Library/PrivateFrameworks/STSXPCHelperClient.framework/Versions/A/STSXPCHelperClient
0x000000025fd01000 	/System/Library/PrivateFrameworks/Symptoms.framework/Versions/A/Frameworks/SymptomPresentationFeed.framework/Versions/A/SymptomPresentationFeed
0x00000002316f7000 	/System/Library/PrivateFrameworks/AppleMediaServicesKitInternal.framework/Versions/A/AppleMediaServicesKitInternal
0x000000025fa7c000 	/System/Library/PrivateFrameworks/SymptomShared.framework/Versions/A/SymptomShared
0x0000000233f51000 	/System/Library/PrivateFrameworks/CalendarDatabase.framework/Versions/A/CalendarDatabase
0x0000000233ea5000 	/System/Library/PrivateFrameworks/CalendarDaemon.framework/Versions/A/CalendarDaemon
0x00000001a2c84000 	/System/Library/PrivateFrameworks/CalendarFoundation.framework/Versions/A/CalendarFoundation
0x00000001a2c40000 	/System/Library/PrivateFrameworks/iCalendar.framework/Versions/A/iCalendar
0x000000023979f000 	/System/Library/PrivateFrameworks/DataAccessExpress.framework/Versions/A/DataAccessExpress
0x00000001a935b000 	/System/Library/PrivateFrameworks/CoreDAV.framework/Versions/A/CoreDAV
0x00000001a3702000 	/System/Library/PrivateFrameworks/CalDAV.framework/Versions/A/CalDAV
0x00000001ad874000 	/System/Library/PrivateFrameworks/TelephonyUtilities.framework/Versions/A/TelephonyUtilities
0x00000001b1c3e000 	/System/Library/Frameworks/CallKit.framework/Versions/A/CallKit
0x00000001d9877000 	/System/Library/PrivateFrameworks/IMTransferServices.framework/Versions/A/IMTransferServices
0x00000001b01f0000 	/System/Library/PrivateFrameworks/IncomingCallFilter.framework/Versions/A/IncomingCallFilter
0x000000024eb69000 	/System/Library/PrivateFrameworks/NeighborhoodActivityConduit.framework/Versions/A/NeighborhoodActivityConduit
0x000000026ed54000 	/usr/lib/libBASupport.dylib
0x00000001bd67f000 	/System/Library/PrivateFrameworks/SpotlightReceiver.framework/Versions/A/SpotlightReceiver
0x00000001b6ead000 	/usr/lib/libnfshared.dylib
0x00000001d6a5a000 	/System/Library/PrivateFrameworks/PassKitUIFoundation.framework/Versions/A/PassKitUIFoundation
0x000000019d07e000 	/System/Library/Frameworks/MapKit.framework/Versions/A/MapKit
0x00000001e9996000 	/System/Library/Frameworks/ExtensionKit.framework/Versions/A/ExtensionKit
0x0000000241dce000 	/System/Library/PrivateFrameworks/GeoAnalytics.framework/Versions/A/GeoAnalytics
0x00000001b11fe000 	/System/Library/PrivateFrameworks/SearchFoundation.framework/Versions/A/SearchFoundation
0x00000001b6ee3000 	/System/Library/PrivateFrameworks/Navigation.framework/Versions/A/Navigation
0x00000001bff1f000 	/System/Library/PrivateFrameworks/VectorKit.framework/Versions/A/VectorKit
0x00000001a9591000 	/System/Library/PrivateFrameworks/VirtualGarage.framework/Versions/A/VirtualGarage
0x00000001b705c000 	/System/Library/Frameworks/ExternalAccessory.framework/ExternalAccessory
0x00000001b7076000 	/System/Library/PrivateFrameworks/IAP.framework/Versions/A/IAP
0x000000019d331000 	/System/Library/PrivateFrameworks/IOPlatformPluginFamily.framework/Versions/A/IOPlatformPluginFamily
0x00000002325df000 	/System/Library/PrivateFrameworks/AvatarKit.framework/Versions/A/AvatarKit
0x0000000232697000 	/System/Library/PrivateFrameworks/AvatarPersistence.framework/Versions/A/AvatarPersistence
0x0000000255b63000 	/System/Library/PrivateFrameworks/RemoteUI.framework/Versions/A/RemoteUI
0x000000019d435000 	/usr/lib/libCTGreenTeaLogger.dylib
0x00000001ef0ed000 	/System/Library/Frameworks/TipKit.framework/Versions/A/TipKit
0x00000001d21e3000 	/System/Library/PrivateFrameworks/AppleCVA.framework/Versions/A/AppleCVA
0x0000000232696000 	/System/Library/PrivateFrameworks/AvatarKitContent.framework/Versions/A/AvatarKitContent
0x000000019d45d000 	/System/Library/PrivateFrameworks/CoreAppleCVA.framework/Versions/A/CoreAppleCVA
0x000000024885b000 	/System/Library/PrivateFrameworks/LiftUI.framework/Versions/A/LiftUI
0x0000000234e56000 	/System/Library/PrivateFrameworks/CloudSettings.framework/Versions/A/CloudSettings
0x00000001afe1a000 	/System/Library/PrivateFrameworks/CoreRoutine.framework/Versions/A/CoreRoutine
0x00000001be6af000 	/System/Library/PrivateFrameworks/Categories.framework/Versions/A/Categories
0x0000000235356000 	/System/Library/PrivateFrameworks/Coherence.framework/Versions/A/Coherence
0x00000001ad76f000 	/System/Library/PrivateFrameworks/CoreParsec.framework/Versions/A/CoreParsec
0x00000002518f2000 	/System/Library/PrivateFrameworks/PegasusAPI.framework/Versions/A/PegasusAPI
0x00000002525c0000 	/System/Library/PrivateFrameworks/PegasusConfiguration.framework/Versions/A/PegasusConfiguration
0x00000002499f6000 	/System/Library/PrivateFrameworks/LocalStatusKit.framework/Versions/A/LocalStatusKit
0x00000001b1df2000 	/System/Library/PrivateFrameworks/ContextKit.framework/Versions/A/ContextKit
0x0000000235d11000 	/System/Library/PrivateFrameworks/ContextKitCore.framework/Versions/A/ContextKitCore
0x00000001b7210000 	/System/Library/PrivateFrameworks/CharacterPicker.framework/Versions/A/CharacterPicker
0x00000001b02f7000 	/System/Library/PrivateFrameworks/ContactsDonation.framework/Versions/A/ContactsDonation
0x00000001a96b3000 	/System/Library/PrivateFrameworks/ContactsUICore.framework/Versions/A/ContactsUICore
0x00000001afbfd000 	/System/Library/PrivateFrameworks/DataDetectors.framework/Versions/A/DataDetectors
0x00000001a36ee000 	/System/Library/Frameworks/MediaLibrary.framework/Versions/A/MediaLibrary
0x000000019e258000 	/System/Library/PrivateFrameworks/PersonaKit.framework/Versions/A/PersonaKit
0x00000001a96a1000 	/System/Library/PrivateFrameworks/PersonaUI.framework/Versions/A/PersonaUI
0x000000024526d000 	/System/Library/PrivateFrameworks/InputToolKitUI.framework/Versions/A/InputToolKitUI
0x0000000245258000 	/System/Library/PrivateFrameworks/InputToolKit.framework/Versions/A/InputToolKit
0x000000025f354000 	/System/Library/PrivateFrameworks/Stickers.framework/Versions/A/Stickers
0x00000002451c6000 	/System/Library/PrivateFrameworks/InputAnalytics.framework/Versions/A/InputAnalytics
0x00000001b8d87000 	/System/Library/PrivateFrameworks/EmojiFoundation.framework/Versions/A/EmojiFoundation
0x000000023b140000 	/System/Library/PrivateFrameworks/FeedbackService.framework/Versions/A/FeedbackService
0x000000019ded4000 	/System/Library/PrivateFrameworks/AddressBookCore.framework/Versions/A/AddressBookCore
0x00000001b1af3000 	/System/Library/PrivateFrameworks/IntlPreferences.framework/Versions/A/IntlPreferences
0x00000001b6c72000 	/System/Library/PrivateFrameworks/ToneKit.framework/Versions/A/ToneKit
0x00000001b1b39000 	/System/Library/PrivateFrameworks/ToneLibrary.framework/Versions/A/ToneLibrary
0x0000000235baa000 	/System/Library/PrivateFrameworks/ContactsAccounts.framework/Versions/A/ContactsAccounts
0x00000001c2632000 	/System/Library/PrivateFrameworks/Transparency.framework/Versions/A/Transparency
0x00000001b534c000 	/System/Library/PrivateFrameworks/Lookup.framework/Versions/A/Lookup
0x00000001ed2c1000 	/System/Library/Frameworks/QuickLookUI.framework/Versions/A/QuickLookUI
0x00000001edca1000 	/System/Library/Frameworks/ScreenCaptureKit.framework/Versions/A/ScreenCaptureKit
0x00000001b278f000 	/System/Library/Frameworks/Quartz.framework/Versions/A/Frameworks/QuartzComposer.framework/Versions/A/QuartzComposer
0x00000001b1aca000 	/System/Library/Frameworks/Quartz.framework/Versions/A/Frameworks/QuartzFilters.framework/Versions/A/QuartzFilters
0x00000001b0bb0000 	/System/Library/Frameworks/Quartz.framework/Versions/A/Frameworks/ImageKit.framework/Versions/A/ImageKit
0x00000001e8016000 	/System/Library/Frameworks/OpenCL.framework/Versions/A/OpenCL
0x00000001af2fc000 	/System/Library/PrivateFrameworks/CorePDF.framework/Versions/A/CorePDF
0x000000019b221000 	/System/Library/Frameworks/QuickLook.framework/Versions/A/QuickLook
0x00000001a5336000 	/System/Library/PrivateFrameworks/DisplayServices.framework/Versions/A/DisplayServices
0x00000001b1a3a000 	/System/Library/Frameworks/ImageCaptureCore.framework/Versions/A/ImageCaptureCore
0x00000002667f3000 	/System/Library/PrivateFrameworks/VisionKitCore.framework/Versions/A/VisionKitCore
0x00000001ad73f000 	/System/Library/PrivateFrameworks/QuickLookSupport.framework/Versions/A/QuickLookSupport
0x000000024c07f000 	/System/Library/PrivateFrameworks/MediaAnalysisServices.framework/Versions/A/MediaAnalysisServices
0x00000001b433b000 	/System/Library/PrivateFrameworks/PhotoLibraryServices.framework/Versions/A/PhotoLibraryServices
0x00000001b1683000 	/System/Library/Frameworks/Photos.framework/Versions/A/Photos
0x00000001c4e61000 	/System/Library/PrivateFrameworks/PhotosFormats.framework/Versions/A/PhotosFormats
0x00000001c1430000 	/System/Library/PrivateFrameworks/CloudPhotoLibrary.framework/Versions/A/CloudPhotoLibrary
0x00000001ca452000 	/System/Library/PrivateFrameworks/CloudPhotoServices.framework/Versions/A/CloudPhotoServices
0x00000001c6be9000 	/System/Library/PrivateFrameworks/CoreMediaStream.framework/Versions/A/CoreMediaStream
0x000000019e884000 	/System/Library/PrivateFrameworks/CPAnalytics.framework/Versions/A/CPAnalytics
0x00000001c32d6000 	/System/Library/PrivateFrameworks/MediaConversionService.framework/Versions/A/MediaConversionService
0x00000001a4fa3000 	/System/Library/PrivateFrameworks/PhotoFoundation.framework/Versions/A/PhotoFoundation
0x0000000252b58000 	/System/Library/PrivateFrameworks/PhotoLibraryServicesCore.framework/Versions/A/PhotoLibraryServicesCore
0x00000001bd030000 	/System/Library/PrivateFrameworks/MMCS.framework/Versions/A/MMCS
0x00000001a3557000 	/System/Library/PrivateFrameworks/ChunkingLibrary.framework/Versions/A/ChunkingLibrary
0x000000019d737000 	/System/Library/PrivateFrameworks/AssetCacheServices.framework/Versions/A/AssetCacheServices
0x000000019f45f000 	/System/Library/PrivateFrameworks/AVFoundationCF.framework/Versions/A/AVFoundationCF
0x00000001d9774000 	/usr/lib/swift/libswiftDemangle.dylib
0x00000001afe7a000 	/System/Library/PrivateFrameworks/MediaStream.framework/Versions/A/MediaStream
0x00000001c37f0000 	/System/Library/PrivateFrameworks/NeutrinoCore.framework/Versions/A/NeutrinoCore
0x000000018e99d000 	/System/Library/PrivateFrameworks/NLP.framework/Versions/A/NLP
0x00000001c91fe000 	/System/Library/PrivateFrameworks/PhotoImaging.framework/Versions/A/PhotoImaging
0x00000001ca413000 	/System/Library/PrivateFrameworks/PhotosImagingFoundation.framework/Versions/A/PhotosImagingFoundation
0x0000000253633000 	/System/Library/PrivateFrameworks/PhotosIntelligenceCore.framework/Versions/A/PhotosIntelligenceCore
0x000000019f8f6000 	/System/Library/PrivateFrameworks/EmbeddedAcousticRecognition.framework/Versions/A/EmbeddedAcousticRecognition
0x00000001c1697000 	/System/Library/PrivateFrameworks/SDAPI.framework/Versions/A/SDAPI
0x00000001ca460000 	/System/Library/PrivateFrameworks/AutoLoop.framework/Versions/A/AutoLoop
0x000000025409c000 	/System/Library/PrivateFrameworks/Portrait.framework/Versions/A/Portrait
0x0000000230eed000 	/System/Library/PrivateFrameworks/AppleDepth.framework/Versions/A/AppleDepth
0x000000023bcd6000 	/System/Library/PrivateFrameworks/FusionTracker.framework/Versions/A/FusionTracker
0x0000000230fdb000 	/System/Library/PrivateFrameworks/AppleDepthCore.framework/Versions/A/AppleDepthCore
0x00000001b224f000 	/System/Library/PrivateFrameworks/iTunesCloud.framework/Versions/A/iTunesCloud
0x00000001baaf5000 	/System/Library/PrivateFrameworks/DAAPKit.framework/Versions/A/DAAPKit
0x000000026ffb3000 	/usr/lib/swift/libswiftVideoToolbox.dylib
0x00000001ada50000 	/System/Library/PrivateFrameworks/DeviceManagement.framework/Versions/A/DeviceManagement
0x00000001cfee8000 	/System/Library/PrivateFrameworks/ScreenTimeUI.framework/Versions/A/ScreenTimeUI
0x00000001afbf7000 	/System/Library/PrivateFrameworks/QuickLookNonBaseSystem.framework/Versions/A/QuickLookNonBaseSystem
0x00000001b03c6000 	/System/Library/PrivateFrameworks/Catalyst.framework/Versions/A/Catalyst
0x000000024b81b000 	/System/Library/PrivateFrameworks/ManagedSettingsObjC.framework/Versions/A/ManagedSettingsObjC
0x00000001b1ce0000 	/System/Library/PrivateFrameworks/ScreenTimeCore.framework/Versions/A/ScreenTimeCore
0x00000001c43c4000 	/System/Library/PrivateFrameworks/ScreenTimeServiceUI.framework/Versions/A/ScreenTimeServiceUI
0x00000001bd1bb000 	/System/Library/PrivateFrameworks/ConfigurationEngineModel.framework/Versions/A/ConfigurationEngineModel
0x00000001bfedb000 	/System/Library/PrivateFrameworks/UsageTracking.framework/Versions/A/UsageTracking
0x00000001e9797000 	/System/Library/Frameworks/DeviceActivity.framework/Versions/A/DeviceActivity
0x00000001bfeab000 	/System/Library/PrivateFrameworks/KnowledgeMonitor.framework/Versions/A/KnowledgeMonitor
0x00000001d69ff000 	/System/Library/PrivateFrameworks/BluetoothManager.framework/Versions/A/BluetoothManager
0x00000001ea8f2000 	/System/Library/Frameworks/ManagedSettings.framework/Versions/A/ManagedSettings
0x000000024b854000 	/System/Library/PrivateFrameworks/ManagedSettingsSupport.framework/Versions/A/ManagedSettingsSupport
0x00000001d42fc000 	/System/Library/Frameworks/ReplayKit.framework/Versions/A/ReplayKit
0x00000001a62cf000 	/System/Library/PrivateFrameworks/MarkupUI.framework/Versions/A/MarkupUI
0x00000001afbcf000 	/System/Library/PrivateFrameworks/SidecarCore.framework/Versions/A/SidecarCore
0x00000001b2650000 	/System/Library/PrivateFrameworks/AnnotationKit.framework/Versions/A/AnnotationKit
0x00000001ef24d000 	/System/Library/Frameworks/Translation.framework/Versions/A/Translation
0x00000001cbe27000 	/System/Library/PrivateFrameworks/RevealCore.framework/Versions/A/RevealCore
0x00000001cbe1b000 	/System/Library/PrivateFrameworks/Reveal.framework/Versions/A/Reveal
0x00000002635fb000 	/System/Library/PrivateFrameworks/TranslationUIServices.framework/Versions/A/TranslationUIServices
0x00000001b0df6000 	/System/Library/Frameworks/PencilKit.framework/Versions/A/PencilKit
0x00000001b0fab000 	/System/Library/PrivateFrameworks/SidecarUI.framework/Versions/A/SidecarUI
0x00000001b07a3000 	/System/Library/PrivateFrameworks/CoreHandwriting.framework/Versions/A/CoreHandwriting
0x0000000188b5f000 	/usr/lib/libmecabra.dylib
0x00000001a9b2a000 	/System/Library/PrivateFrameworks/Calculate.framework/Versions/A/Calculate
0x00000001970be000 	/usr/lib/libChineseTokenizer.dylib
0x00000001e4f56000 	/System/Library/PrivateFrameworks/ScreenReaderCore.framework/Versions/A/ScreenReaderCore
0x000000025f72b000 	/System/Library/PrivateFrameworks/StocksKit.framework/Versions/A/StocksKit
0x00000001a8ca3000 	/System/Library/PrivateFrameworks/OAuth.framework/Versions/A/OAuth
0x000000025f3d8000 	/System/Library/PrivateFrameworks/StocksCore.framework/Versions/A/StocksCore
0x000000026043c000 	/System/Library/PrivateFrameworks/TeaFoundation.framework/Versions/A/TeaFoundation
0x0000000260625000 	/System/Library/PrivateFrameworks/TeaSettings.framework/Versions/A/TeaSettings
0x00000001dab3e000 	/System/Library/PrivateFrameworks/NewsCore.framework/Versions/A/NewsCore
0x00000002603d9000 	/System/Library/PrivateFrameworks/TeaDB.framework/Versions/A/TeaDB
0x00000001d77e8000 	/System/Library/PrivateFrameworks/RemoteConfiguration.framework/Versions/A/RemoteConfiguration
0x00000001da778000 	/System/Library/PrivateFrameworks/NewsTransport.framework/Versions/A/NewsTransport
0x00000001dab2e000 	/System/Library/PrivateFrameworks/NewsFoundation.framework/Versions/A/NewsFoundation
0x000000024f0b1000 	/System/Library/PrivateFrameworks/NewsURLBucket.framework/Versions/A/NewsURLBucket
0x00000001b406f000 	/System/Library/PrivateFrameworks/MobileInstallation.framework/Versions/A/MobileInstallation
0x0000000262642000 	/System/Library/PrivateFrameworks/TipKitCore.framework/Versions/A/TipKitCore
0x00000001b8e0a000 	/System/Library/PrivateFrameworks/CoreCDPInternal.framework/Versions/A/CoreCDPInternal
0x00000001a8bf5000 	/System/Library/PrivateFrameworks/AccountsDaemon.framework/Versions/A/AccountsDaemon
0x00000002557a5000 	/System/Library/PrivateFrameworks/RegulatoryDomain.framework/Versions/A/RegulatoryDomain
0x00000001d0718000 	/System/Library/PrivateFrameworks/MachineSettings.framework/Versions/A/MachineSettings
0x00000001c2b96000 	/System/Library/PrivateFrameworks/BezelServices.framework/Versions/A/BezelServices
0x00000001bab7e000 	/System/Library/PrivateFrameworks/SPOwner.framework/Versions/A/SPOwner
0x00000001b3eaa000 	/System/Library/PrivateFrameworks/FMCore.framework/Versions/A/FMCore
0x000000026a1b2000 	/System/Library/PrivateFrameworks/iCloudQuota.framework/Versions/A/iCloudQuota
0x00000001a9626000 	/System/Library/PrivateFrameworks/CoreRecognition.framework/Versions/A/CoreRecognition
0x00000001c2c4b000 	/System/Library/PrivateFrameworks/InAppMessages.framework/Versions/A/InAppMessages
0x00000001e3ca2000 	/System/Library/PrivateFrameworks/JetUI.framework/Versions/A/JetUI
0x00000002485b7000 	/System/Library/PrivateFrameworks/JetPack.framework/Versions/A/JetPack
0x00000001c2c42000 	/System/Library/PrivateFrameworks/InAppMessagesCore.framework/Versions/A/InAppMessagesCore
0x00000002698aa000 	/System/Library/PrivateFrameworks/_JetEngine_SwiftUI.framework/Versions/A/_JetEngine_SwiftUI
0x000000025fd29000 	/System/Library/PrivateFrameworks/Synapse.framework/Versions/A/Synapse
0x0000000233d41000 	/System/Library/PrivateFrameworks/CSExattrCrypto.framework/Versions/A/CSExattrCrypto
0x00000001a4fb4000 	/System/Library/PrivateFrameworks/IMSharedUtilities.framework/Versions/A/IMSharedUtilities
0x00000001bdf69000 	/System/Library/Frameworks/InstantMessage.framework/Versions/A/InstantMessage
0x00000001b69f0000 	/System/Library/PrivateFrameworks/IDSKVStore.framework/Versions/A/IDSKVStore
0x00000001b6830000 	/System/Library/PrivateFrameworks/IMDPersistence.framework/Versions/A/IMDPersistence
0x000000026fecf000 	/usr/lib/swift/libswiftAppleArchive.dylib
0x0000000264d30000 	/System/Library/PrivateFrameworks/UserSafety.framework/Versions/A/UserSafety
0x00000001d5c51000 	/System/Library/PrivateFrameworks/BlastDoor.framework/Versions/A/BlastDoor
0x00000001edd25000 	/System/Library/Frameworks/SensitiveContentAnalysis.framework/Versions/A/SensitiveContentAnalysis
0x000000024969d000 	/System/Library/PrivateFrameworks/LinkPresentationStyleSheetParsing.framework/Versions/A/LinkPresentationStyleSheetParsing
0x00000001b024f000 	/System/Library/PrivateFrameworks/CoreSDB.framework/Versions/A/CoreSDB
0x0000000232035000 	/System/Library/PrivateFrameworks/AskToCore.framework/Versions/A/AskToCore
0x00000001b5039000 	/System/Library/PrivateFrameworks/StoreFoundation.framework/Versions/A/StoreFoundation
0x00000001b3ea4000 	/System/Library/PrivateFrameworks/ServerInformation.framework/Versions/A/ServerInformation
0x00000001b3915000 	/System/Library/PrivateFrameworks/Install.framework/Frameworks/DistributionKit.framework/Versions/A/DistributionKit
0x00000001ad50c000 	/System/Library/PrivateFrameworks/PackageKit.framework/Versions/A/PackageKit
0x00000001b3938000 	/System/Library/PrivateFrameworks/OSPersonalization.framework/Versions/A/OSPersonalization
0x00000001b55a5000 	/System/Library/PrivateFrameworks/BridgeOSSoftwareUpdate.framework/Versions/A/BridgeOSSoftwareUpdate
0x00000001b06cb000 	/System/Library/PrivateFrameworks/StorageManagement.framework/Versions/A/StorageManagement
0x00000001c3f4d000 	/usr/lib/libauthinstall.dylib
0x00000001b55ae000 	/System/Library/PrivateFrameworks/InstallerDiagnostics.framework/Versions/A/InstallerDiagnostics
0x00000001c4580000 	/usr/lib/libcrypto.42.dylib
0x00000001b5593000 	/System/Library/PrivateFrameworks/GPUInfo.framework/Versions/A/GPUInfo
0x00000001c2d42000 	/System/Library/PrivateFrameworks/MobileActivationMacOS.framework/Versions/A/MobileActivationMacOS
0x000000018f0c2000 	/System/Library/Frameworks/Accounts.framework/Versions/A/Accounts
0x00000001b55f2000 	/System/Library/PrivateFrameworks/AOSKit.framework/Versions/A/AOSKit
0x00000001971ee000 	/System/Library/PrivateFrameworks/AppSSOCore.framework/Versions/A/AppSSOCore
0x00000001a1316000 	/System/Library/PrivateFrameworks/AppSupport.framework/Versions/A/AppSupport
0x00000001af6d5000 	/System/Library/Frameworks/AVFoundation.framework/Versions/A/AVFoundation
0x00000001a1b8c000 	/System/Library/PrivateFrameworks/DuetActivityScheduler.framework/Versions/A/DuetActivityScheduler
0x00000001b01f6000 	/System/Library/PrivateFrameworks/FTServices.framework/Versions/A/FTServices
0x00000001c1369000 	/System/Library/PrivateFrameworks/NetworkServiceProxy.framework/Versions/A/NetworkServiceProxy
0x00000001a1b52000 	/System/Library/PrivateFrameworks/StreamingZip.framework/Versions/A/StreamingZip
0x00000001a0c42000 	/System/Library/PrivateFrameworks/CoreWiFi.framework/Versions/A/CoreWiFi
0x0000000199cb7000 	/System/Library/PrivateFrameworks/MobileAsset.framework/Versions/A/MobileAsset
0x000000019f803000 	/System/Library/PrivateFrameworks/Rapport.framework/Versions/A/Rapport
0x000000025fa8c000 	/System/Library/PrivateFrameworks/Symptoms.framework/Versions/A/Frameworks/SymptomAnalytics.framework/Versions/A/SymptomAnalytics
0x000000019d3a3000 	/usr/lib/libnetworkextension.dylib
0x000000026f7b5000 	/usr/lib/libmrc.dylib
0x0000000244ad9000 	/System/Library/PrivateFrameworks/IPConfiguration.framework/Versions/A/IPConfiguration
0x00000001d0560000 	/System/Library/PrivateFrameworks/Netrb.framework/Versions/A/Netrb
0x00000001db4e0000 	/System/Library/PrivateFrameworks/WiFiPeerToPeer.framework/Versions/A/WiFiPeerToPeer
0x00000001b7190000 	/System/Library/PrivateFrameworks/SoftwareUpdateCoreSupport.framework/Versions/A/SoftwareUpdateCoreSupport
0x00000001beb2b000 	/System/Library/PrivateFrameworks/SoftwareUpdateCoreConnect.framework/Versions/A/SoftwareUpdateCoreConnect
0x00000001a11ce000 	/System/Library/PrivateFrameworks/RemoteServiceDiscovery.framework/Versions/A/RemoteServiceDiscovery
0x00000001b6e16000 	/System/Library/PrivateFrameworks/MSUDataAccessor.framework/Versions/A/MSUDataAccessor
0x00000001b260b000 	/usr/lib/libbootpolicy.dylib
0x00000001a11e4000 	/System/Library/PrivateFrameworks/RemoteXPC.framework/Versions/A/RemoteXPC
0x00000001bdf79000 	/usr/lib/libFDR.dylib
0x00000001c4020000 	/usr/lib/libamsupport.dylib
0x000000026ef08000 	/usr/lib/libReverseProxyDevice.dylib
0x000000023105b000 	/System/Library/PrivateFrameworks/AppleDeviceQuerySupport.framework/Versions/A/AppleDeviceQuerySupport
0x00000001c6f0d000 	/usr/lib/libpartition2_dynamic.dylib
0x00000001957e8000 	/System/Library/Frameworks/UserNotifications.framework/Versions/A/UserNotifications
0x00000001d6815000 	/System/Library/Frameworks/CryptoKit.framework/Versions/A/CryptoKit
0x00000001a1b2a000 	/System/Library/PrivateFrameworks/CryptoKitCBridging.framework/Versions/A/CryptoKitCBridging
0x000000019f379000 	/System/Library/Frameworks/CryptoTokenKit.framework/Versions/A/CryptoTokenKit
0x00000001caa6a000 	/usr/lib/swift/libswiftCryptoTokenKit.dylib
0x000000019f3dd000 	/System/Library/Frameworks/LocalAuthentication.framework/Versions/A/LocalAuthentication
0x0000000249872000 	/System/Library/PrivateFrameworks/LocalAuthenticationCore.framework/Versions/A/LocalAuthenticationCore
0x000000019f432000 	/System/Library/Frameworks/LocalAuthentication.framework/Support/SharedUtils.framework/Versions/A/SharedUtils
0x0000000199e23000 	/usr/lib/libTelephonyUtilDynamic.dylib
0x000000019e406000 	/System/Library/PrivateFrameworks/SymptomDiagnosticReporter.framework/Versions/A/SymptomDiagnosticReporter
0x0000000239456000 	/System/Library/PrivateFrameworks/CryptoKitPrivate.framework/Versions/A/CryptoKitPrivate
0x000000019e82b000 	/System/Library/PrivateFrameworks/GenerationalStorage.framework/Versions/A/GenerationalStorage
0x0000000199d8b000 	/System/Library/PrivateFrameworks/CacheDelete.framework/Versions/A/CacheDelete
0x00000001a1c69000 	/System/Library/Frameworks/QuickLookThumbnailing.framework/Versions/A/QuickLookThumbnailing
0x000000019e65d000 	/System/Library/Frameworks/FileProvider.framework/Versions/A/FileProvider
0x000000018ce00000 	/System/Library/PrivateFrameworks/DesktopServicesPriv.framework/Versions/A/DesktopServicesPriv
0x00000001a4d06000 	/System/Library/PrivateFrameworks/AssistantServices.framework/Versions/A/AssistantServices
0x000000019f606000 	/System/Library/PrivateFrameworks/SAObjects.framework/Versions/A/SAObjects
0x00000001a493e000 	/System/Library/PrivateFrameworks/MediaRemote.framework/Versions/A/MediaRemote
0x0000000192a2f000 	/System/Library/Frameworks/CoreLocation.framework/Versions/A/CoreLocation
0x00000001b5a49000 	/System/Library/PrivateFrameworks/SiriInstrumentation.framework/Versions/A/SiriInstrumentation
0x00000002578a0000 	/System/Library/PrivateFrameworks/SiriAnalytics.framework/Versions/A/SiriAnalytics
0x000000025d456000 	/System/Library/PrivateFrameworks/SiriTTSService.framework/Versions/A/SiriTTSService
0x000000025825c000 	/System/Library/PrivateFrameworks/SiriCrossDeviceArbitration.framework/Versions/A/SiriCrossDeviceArbitration
0x00000001b36e2000 	/System/Library/PrivateFrameworks/FeedbackLogger.framework/Versions/A/FeedbackLogger
0x00000001a2b9f000 	/System/Library/PrivateFrameworks/ProactiveSupport.framework/Versions/A/ProactiveSupport
0x00000002327e2000 	/System/Library/PrivateFrameworks/BiomeLibrary.framework/Versions/A/BiomeLibrary
0x00000001be0a0000 	/System/Library/PrivateFrameworks/BiomeStreams.framework/Versions/A/BiomeStreams
0x00000002582b0000 	/System/Library/PrivateFrameworks/SiriCrossDeviceArbitrationFeedback.framework/Versions/A/SiriCrossDeviceArbitrationFeedback
0x0000000241c97000 	/System/Library/PrivateFrameworks/GenerativeModels.framework/Versions/A/GenerativeModels
0x00000001a9447000 	/System/Library/PrivateFrameworks/MediaServices.framework/Versions/A/MediaServices
0x000000019a875000 	/System/Library/PrivateFrameworks/IDS.framework/Versions/A/IDS
0x00000001975db000 	/System/Library/PrivateFrameworks/PersistentConnection.framework/Versions/A/PersistentConnection
0x00000001994df000 	/System/Library/PrivateFrameworks/IMFoundation.framework/Versions/A/IMFoundation
0x00000001a95db000 	/System/Library/PrivateFrameworks/Marco.framework/Versions/A/Marco
0x000000019aa42000 	/System/Library/PrivateFrameworks/IDSFoundation.framework/Versions/A/IDSFoundation
0x000000018f147000 	/System/Library/PrivateFrameworks/CommonUtilities.framework/Versions/A/CommonUtilities
0x00000001a62fb000 	/System/Library/PrivateFrameworks/Engram.framework/Versions/A/Engram
0x00000001a629b000 	/usr/lib/libtidy.A.dylib
0x0000000197918000 	/System/Library/PrivateFrameworks/Bom.framework/Versions/A/Bom
0x00000001998e7000 	/usr/lib/libParallelCompression.dylib
0x00000001bdb89000 	/System/Library/PrivateFrameworks/FTAWD.framework/Versions/A/FTAWD
0x000000019b46f000 	/System/Library/PrivateFrameworks/GeoServices.framework/Versions/A/GeoServices
0x0000000199559000 	/System/Library/PrivateFrameworks/LocationSupport.framework/Versions/A/LocationSupport
0x0000000241ebf000 	/System/Library/PrivateFrameworks/GeoServicesCore.framework/Versions/A/GeoServicesCore
0x00000001aa002000 	/System/Library/PrivateFrameworks/PhoneNumbers.framework/Versions/A/PhoneNumbers
0x000000023995e000 	/System/Library/PrivateFrameworks/Dendrite.framework/Versions/A/Dendrite
0x000000023215b000 	/System/Library/PrivateFrameworks/AtomicsInternal.framework/Versions/A/AtomicsInternal
0x00000001c4428000 	/System/Library/PrivateFrameworks/BiomeStorage.framework/Versions/A/BiomeStorage
0x0000000247e96000 	/System/Library/PrivateFrameworks/IntelligencePlatformLibrary.framework/Versions/A/IntelligencePlatformLibrary
0x0000000254003000 	/System/Library/PrivateFrameworks/PoirotSchematizer.framework/Versions/A/PoirotSchematizer
0x0000000232e7c000 	/System/Library/PrivateFrameworks/BiomeSync.framework/Versions/A/BiomeSync
0x00000002327c3000 	/System/Library/PrivateFrameworks/BiomeFlexibleStorage.framework/Versions/A/BiomeFlexibleStorage
0x00000001baa9e000 	/System/Library/PrivateFrameworks/BiomeFoundation.framework/Versions/A/BiomeFoundation
0x00000002327a7000 	/System/Library/PrivateFrameworks/BiomeDSL.framework/Versions/A/BiomeDSL
0x00000001c43cb000 	/System/Library/PrivateFrameworks/BiomePubSub.framework/Versions/A/BiomePubSub
0x0000000254070000 	/System/Library/PrivateFrameworks/PoirotUDFs.framework/Versions/A/PoirotUDFs
0x0000000253fd2000 	/System/Library/PrivateFrameworks/PoirotSQLite.framework/Versions/A/PoirotSQLite
0x00000001a161e000 	/System/Library/PrivateFrameworks/InternationalTextSearch.framework/Versions/A/InternationalTextSearch
0x0000000234348000 	/System/Library/PrivateFrameworks/CascadeSets.framework/Versions/A/CascadeSets
0x00000001b75e7000 	/usr/lib/libtailspin.dylib
0x00000001ca568000 	/System/Library/PrivateFrameworks/Osprey.framework/Versions/A/Osprey
0x000000025cad5000 	/System/Library/PrivateFrameworks/SiriTTS.framework/Versions/A/SiriTTS
0x00000001b0313000 	/System/Library/Frameworks/NaturalLanguage.framework/Versions/A/NaturalLanguage
0x000000025b80f000 	/System/Library/PrivateFrameworks/SiriPowerInstrumentation.framework/Versions/A/SiriPowerInstrumentation
0x00000001b1138000 	/System/Library/PrivateFrameworks/Trial.framework/Versions/A/Trial
0x00000001b10ba000 	/System/Library/PrivateFrameworks/TrialProto.framework/Versions/A/TrialProto
0x00000002645a6000 	/System/Library/PrivateFrameworks/UnifiedAssetFramework.framework/Versions/A/UnifiedAssetFramework
0x00000001cc53d000 	/usr/lib/swift/libswiftAVFoundation.dylib
0x00000001b67ed000 	/usr/lib/swift/libswiftCoreMIDI.dylib
0x00000001caa6c000 	/usr/lib/swift/libswiftCoreMedia.dylib
0x00000001db464000 	/usr/lib/swift/libswiftNaturalLanguage.dylib
0x00000002603d7000 	/System/Library/PrivateFrameworks/TailspinSymbolication.framework/Versions/A/TailspinSymbolication
0x000000023966d000 	/System/Library/PrivateFrameworks/Darwinup.framework/Versions/A/Darwinup
0x00000001c3343000 	/System/Library/PrivateFrameworks/SignpostSupport.framework/Versions/A/SignpostSupport
0x00000001b01dc000 	/System/Library/PrivateFrameworks/FeatureFlagsSupport.framework/Versions/A/FeatureFlagsSupport
0x00000001c2aa6000 	/System/Library/PrivateFrameworks/ktrace.framework/Versions/A/ktrace
0x00000001c35c3000 	/System/Library/PrivateFrameworks/SampleAnalysis.framework/Versions/A/SampleAnalysis
0x00000001cbe03000 	/System/Library/PrivateFrameworks/kperfdata.framework/Versions/A/kperfdata
0x000000019b350000 	/usr/lib/libdscsym.dylib
0x00000001cc29b000 	/System/Library/PrivateFrameworks/BulkSymbolication.framework/Versions/A/BulkSymbolication
0x00000001a1cb5000 	/System/Library/PrivateFrameworks/Espresso.framework/Versions/A/Espresso
0x00000001916d8000 	/System/Library/Frameworks/CoreML.framework/Versions/A/CoreML
0x00000001d973e000 	/usr/lib/libedit.3.dylib
0x00000001e5312000 	/System/Library/PrivateFrameworks/ANECompiler.framework/Versions/A/ANECompiler
0x00000001a3c9b000 	/System/Library/PrivateFrameworks/AppleNeuralEngine.framework/Versions/A/AppleNeuralEngine
0x00000001eb5b1000 	/System/Library/Frameworks/MetalPerformanceShadersGraph.framework/Versions/A/MetalPerformanceShadersGraph
0x000000024a36a000 	/System/Library/PrivateFrameworks/MLCompilerServices.framework/Versions/A/MLCompilerServices
0x00000001a2b71000 	/System/Library/PrivateFrameworks/ANEServices.framework/Versions/A/ANEServices
0x00000001b5367000 	/usr/lib/libncurses.5.4.dylib
0x000000018b74c000 	/usr/lib/libsandbox.1.dylib
0x0000000197370000 	/usr/lib/libMatch.1.dylib
0x000000024a30e000 	/System/Library/PrivateFrameworks/MLCompilerRuntime.framework/Versions/A/MLCompilerRuntime
0x0000000195145000 	/System/Library/Frameworks/MLCompute.framework/Versions/A/MLCompute
0x000000024a1bd000 	/System/Library/PrivateFrameworks/MLAssetIO.framework/Versions/A/MLAssetIO
0x000000026ff11000 	/usr/lib/swift/libswiftMLCompute.dylib
0x000000019ef6c000 	/System/Library/PrivateFrameworks/AVFCore.framework/Versions/A/AVFCore
0x00000001a7d36000 	/System/Library/PrivateFrameworks/AVFCapture.framework/Versions/A/AVFCapture
0x00000001985c0000 	/System/Library/Frameworks/MediaToolbox.framework/Versions/A/MediaToolbox
0x000000019e62e000 	/System/Library/PrivateFrameworks/CoreAVCHD.framework/Versions/A/CoreAVCHD
0x000000019e62a000 	/System/Library/PrivateFrameworks/Mangrove.framework/Versions/A/Mangrove
0x0000000233c31000 	/System/Library/PrivateFrameworks/CMPhoto.framework/Versions/A/CMPhoto
0x000000019ed89000 	/System/Library/Frameworks/CoreTelephony.framework/Versions/A/CoreTelephony
0x000000019e61d000 	/System/Library/PrivateFrameworks/CoreAUC.framework/Versions/A/CoreAUC
0x000000023149d000 	/System/Library/PrivateFrameworks/AppleJPEGXL.framework/Versions/A/AppleJPEGXL
0x0000000233a5d000 	/System/Library/PrivateFrameworks/CMImaging.framework/Versions/A/CMImaging
0x00000001a7f4e000 	/System/Library/PrivateFrameworks/Quagga.framework/Versions/A/Quagga
0x00000001a8081000 	/System/Library/PrivateFrameworks/CMCapture.framework/Versions/A/CMCapture
0x00000001999bb000 	/System/Library/Frameworks/CoreMediaIO.framework/Versions/A/CoreMediaIO
0x0000000233993000 	/System/Library/PrivateFrameworks/CMCaptureDevice.framework/Versions/A/CMCaptureDevice
0x0000000234783000 	/System/Library/PrivateFrameworks/CinematicFraming.framework/Versions/A/CinematicFraming
0x00000001af2fe000 	/System/Library/Frameworks/CoreMotion.framework/Versions/A/CoreMotion
0x00000001be022000 	/System/Library/PrivateFrameworks/TimeSync.framework/Versions/A/TimeSync
0x0000000239ef5000 	/System/Library/PrivateFrameworks/DistributedSensing.framework/Versions/A/DistributedSensing
0x00000001b9ef1000 	/System/Library/PrivateFrameworks/MobileBluetooth.framework/Versions/A/MobileBluetooth
0x00000001bfae4000 	/System/Library/PrivateFrameworks/IOKitten.framework/Versions/A/IOKitten
0x0000000189c1d000 	/System/Library/PrivateFrameworks/LanguageModeling.framework/Versions/A/LanguageModeling
0x000000018e789000 	/System/Library/PrivateFrameworks/Montreal.framework/Versions/A/Montreal
0x0000000195a73000 	/usr/lib/libcmph.dylib
0x0000000241d59000 	/System/Library/PrivateFrameworks/GenerativeModelsFoundation.framework/Versions/A/GenerativeModelsFoundation
0x000000026296d000 	/System/Library/PrivateFrameworks/TokenGeneration.framework/Versions/A/TokenGeneration
0x0000000241b30000 	/System/Library/PrivateFrameworks/GenerativeFunctions.framework/Versions/A/GenerativeFunctions
0x0000000241b81000 	/System/Library/PrivateFrameworks/GenerativeFunctionsFoundation.framework/Versions/A/GenerativeFunctionsFoundation
0x000000024d111000 	/System/Library/PrivateFrameworks/ModelCatalog.framework/Versions/A/ModelCatalog
0x000000025719d000 	/System/Library/PrivateFrameworks/SensitiveContentAnalysisML.framework/Versions/A/SensitiveContentAnalysisML
0x0000000241c30000 	/System/Library/PrivateFrameworks/GenerativeFunctionsInstrumentation.framework/Versions/A/GenerativeFunctionsInstrumentation
0x0000000255095000 	/System/Library/PrivateFrameworks/PromptKit.framework/Versions/A/PromptKit
0x0000000254bbf000 	/System/Library/PrivateFrameworks/ProactiveDaemonSupport.framework/Versions/A/ProactiveDaemonSupport
0x0000000262b25000 	/System/Library/PrivateFrameworks/TokenGenerationCore.framework/Versions/A/TokenGenerationCore
0x0000000265c1d000 	/System/Library/PrivateFrameworks/VectorSearch.framework/Versions/A/VectorSearch
0x000000024d3d6000 	/System/Library/PrivateFrameworks/ModelManagerServices.framework/Versions/A/ModelManagerServices
0x00000002310bd000 	/System/Library/PrivateFrameworks/AppleFlatBuffers.framework/Versions/A/AppleFlatBuffers
0x00000001a16e9000 	/System/Library/PrivateFrameworks/AppleAccount.framework/Versions/A/AppleAccount
0x00000001a99f1000 	/System/Library/PrivateFrameworks/ProactiveEventTracker.framework/Versions/A/ProactiveEventTracker
0x000000022dcb7000 	/System/Library/PrivateFrameworks/AAAFoundation.framework/Versions/A/AAAFoundation
0x00000001911d6000 	/System/Library/PrivateFrameworks/ApplePushService.framework/Versions/A/ApplePushService
0x0000000195544000 	/System/Library/PrivateFrameworks/AuthKit.framework/Versions/A/AuthKit
0x000000022dcd3000 	/System/Library/PrivateFrameworks/AAAFoundationSwift.framework/Versions/A/AAAFoundationSwift
0x00000001a193e000 	/System/Library/PrivateFrameworks/AppleIDSSOAuthentication.framework/Versions/A/AppleIDSSOAuthentication
0x00000001bd314000 	/usr/lib/swift/libswiftCompression.dylib
0x00000001c5997000 	/System/Library/PrivateFrameworks/DeviceIdentity.framework/Versions/A/DeviceIdentity
0x00000001998d9000 	/System/Library/PrivateFrameworks/MultiverseSupport.framework/Versions/A/MultiverseSupport
0x000000019e539000 	/System/Library/PrivateFrameworks/DiskManagement.framework/Versions/A/DiskManagement
0x000000019e445000 	/System/Library/PrivateFrameworks/AppleIDAuthSupport.framework/Versions/A/AppleIDAuthSupport
0x0000000199dd7000 	/System/Library/PrivateFrameworks/KeychainCircle.framework/Versions/A/KeychainCircle
0x00000001aa004000 	/System/Library/PrivateFrameworks/URLFormatting.framework/Versions/A/URLFormatting
0x00000001a1282000 	/usr/lib/libcsfde.dylib
0x0000000197378000 	/usr/lib/libCoreStorage.dylib
0x000000019b196000 	/System/Library/PrivateFrameworks/ProtectedCloudStorage.framework/Versions/A/ProtectedCloudStorage
0x00000001a127d000 	/System/Library/PrivateFrameworks/EFILogin.framework/Versions/A/EFILogin
0x00000001a92ac000 	/System/Library/PrivateFrameworks/CloudServices.framework/Versions/A/CloudServices
0x000000019e852000 	/System/Library/PrivateFrameworks/OctagonTrust.framework/Versions/A/OctagonTrust
0x0000000257328000 	/System/Library/PrivateFrameworks/SentencePieceInternal.framework/Versions/A/SentencePieceInternal
0x000000019d7d1000 	/System/Library/Frameworks/Vision.framework/Versions/A/Vision
0x00000002390c1000 	/System/Library/PrivateFrameworks/CoreSceneUnderstanding.framework/Versions/A/CoreSceneUnderstanding
0x00000002667a8000 	/System/Library/PrivateFrameworks/VisionCore.framework/Versions/A/VisionCore
0x00000001b8ee8000 	/System/Library/Frameworks/Vision.framework/libfaceCore.dylib
0x00000001b99e2000 	/System/Library/PrivateFrameworks/Futhark.framework/Versions/A/Futhark
0x00000001bd0dc000 	/System/Library/PrivateFrameworks/InertiaCam.framework/Versions/A/InertiaCam
0x00000001b9795000 	/System/Library/PrivateFrameworks/TextRecognition.framework/Versions/A/TextRecognition
0x000000019720e000 	/System/Library/PrivateFrameworks/CVNLP.framework/Versions/A/CVNLP
0x00000002408b2000 	/System/Library/PrivateFrameworks/GRDBInternal.framework/Versions/A/GRDBInternal
0x00000001b67d7000 	/usr/lib/swift/libswiftCoreLocation.dylib
0x000000019acd6000 	/System/Library/PrivateFrameworks/Sharing.framework/Versions/A/Sharing
0x00000001a0c41000 	/System/Library/PrivateFrameworks/Apple80211.framework/Versions/A/Apple80211
0x0000000194aff000 	/System/Library/Frameworks/CoreWLAN.framework/Versions/A/CoreWLAN
0x00000001af900000 	/System/Library/PrivateFrameworks/FindMyDevice.framework/Versions/A/FindMyDevice
0x00000001a5411000 	/System/Library/PrivateFrameworks/FMCoreLite.framework/Versions/A/FMCoreLite
0x000000018d06b000 	/System/Library/PrivateFrameworks/CoreDuet.framework/Versions/A/CoreDuet
0x00000001a059b000 	/System/Library/PrivateFrameworks/CoreDuetContext.framework/Versions/A/CoreDuetContext
0x000000019123e000 	/System/Library/Frameworks/CloudKit.framework/Versions/A/CloudKit
0x00000001a05f1000 	/System/Library/Frameworks/Intents.framework/Versions/A/Intents
0x00000001a2d19000 	/System/Library/PrivateFrameworks/CoreDuetDaemonProtocol.framework/Versions/A/CoreDuetDaemonProtocol
0x00000001edde5000 	/System/Library/Frameworks/SharedWithYouCore.framework/Versions/A/SharedWithYouCore
0x00000001a1c0f000 	/System/Library/PrivateFrameworks/C2.framework/Versions/A/C2
0x0000000234b31000 	/System/Library/PrivateFrameworks/CloudAssets.framework/Versions/A/CloudAssets
0x00000001a1c06000 	/System/Library/Frameworks/PushKit.framework/Versions/A/PushKit
0x00000001a3a09000 	/System/Library/PrivateFrameworks/RTCReporting.framework/Versions/A/RTCReporting
0x00000001a1bf5000 	/System/Library/PrivateFrameworks/IntentsFoundation.framework/Versions/A/IntentsFoundation
0x000000019a5fe000 	/System/Library/Frameworks/NetworkExtension.framework/Versions/A/NetworkExtension
0x00000001b4ee8000 	/System/Library/PrivateFrameworks/CaptiveNetwork.framework/Versions/A/CaptiveNetwork
0x00000001a118e000 	/System/Library/PrivateFrameworks/EAP8021X.framework/Versions/A/EAP8021X
0x000000012b134000 	/Users/saaad/.openjfx/cache/21.0.6+3/aarch64/libjavafx_font.dylib
0x000000012e148000 	/Users/saaad/.openjfx/cache/21.0.6+3/aarch64/libglib-lite.dylib
0x000000012e430000 	/Users/saaad/.openjfx/cache/21.0.6+3/aarch64/libgstreamer-lite.dylib
0x000000012b18c000 	/Users/saaad/.openjfx/cache/21.0.6+3/aarch64/libjfxmedia.dylib
0x000000012b1c8000 	/Users/saaad/.openjfx/cache/21.0.6+3/aarch64/libjfxmedia_avf.dylib
0x000000012b150000 	/Users/saaad/.openjfx/cache/21.0.6+3/aarch64/libfxplugins.dylib
0x000000012e290000 	/System/Library/Components/CoreAudio.component/Contents/MacOS/CoreAudio
0x000000012efd4000 	/System/Library/Components/AudioCodecs.component/Contents/MacOS/AudioCodecs
0x0000000139494000 	/System/Library/Components/AudioDSP.component/Contents/MacOS/AudioDSP
0x000000026eccc000 	/usr/lib/libAudioDSPCore.dylib
0x000000026727e000 	/System/Library/PrivateFrameworks/VoiceProcessor.framework/Versions/A/VoiceProcessor


VM Arguments:
jvm_args: -javaagent:/Users/saaad/Library/Caches/JetBrains/IntelliJIdea2025.1/captureAgent/debugger-agent.jar=file:///var/folders/pm/0_qhycgn1c1dy16zxx8crj500000gn/T/capture12022111212242328325.props -ea -Didea.test.cyclic.buffer.size=1048576 -javaagent:/Users/saaad/Applications/IntelliJ IDEA Ultimate.app/Contents/lib/idea_rt.jar=53746 -Dkotlinx.coroutines.debug.enable.creation.stack.trace=false -Ddebugger.agent.enable.coroutines=true -Dkotlinx.coroutines.debug.enable.flows.stack.trace=true -Dkotlinx.coroutines.debug.enable.mutable.state.flows.stack.trace=true -Dfile.encoding=UTF-8 -Dsun.stdout.encoding=UTF-8 -Dsun.stderr.encoding=UTF-8 
java_command: com.intellij.rt.junit.JUnitStarter -ideVersion5 -junit5 @w@/private/var/folders/pm/0_qhycgn1c1dy16zxx8crj500000gn/T/idea_working_dirs_junit.tmp @/private/var/folders/pm/0_qhycgn1c1dy16zxx8crj500000gn/T/idea_junit.tmp -socket53745
java_class_path (initial): /Users/saaad/.m2/repository/org/junit/platform/junit-platform-launcher/1.12.1/junit-platform-launcher-1.12.1.jar:/Users/saaad/Applications/IntelliJ IDEA Ultimate.app/Contents/lib/idea_rt.jar:/Users/saaad/Applications/IntelliJ IDEA Ultimate.app/Contents/plugins/junit/lib/junit5-rt.jar:/Users/saaad/Applications/IntelliJ IDEA Ultimate.app/Contents/plugins/junit/lib/junit-rt.jar:/Users/saaad/Downloads/CW2025-master/target/test-classes:/Users/saaad/Downloads/CW2025-master/target/classes:/Users/saaad/.m2/repository/org/openjfx/javafx-controls/21.0.6/javafx-controls-21.0.6.jar:/Users/saaad/.m2/repository/org/openjfx/javafx-controls/21.0.6/javafx-controls-21.0.6-mac-aarch64.jar:/Users/saaad/.m2/repository/org/openjfx/javafx-graphics/21.0.6/javafx-graphics-21.0.6.jar:/Users/saaad/.m2/repository/org/openjfx/javafx-graphics/21.0.6/javafx-graphics-21.0.6-mac-aarch64.jar:/Users/saaad/.m2/repository/org/openjfx/javafx-base/21.0.6/javafx-base-21.0.6.jar:/Users/saaad/.m2/repository/org/openjfx/javafx-base/21.0.6/javafx-base-21.0.6-mac-aarch64.jar:/Users/saaad/.m2/repository/org/openjfx/javafx-fxml/21.0.6/javafx-fxml-21.0.6.jar:/Users/saaad/.m2/repository/org/openjfx/javafx-fxml/21.0.6/javafx-fxml-21.0.6-mac-aarch64.jar:/Users/saaad/.m2/repository/org/openjfx/javafx-media/21.0.6/javafx-media-21.0.6.jar:/Users/saaad/.m2/repository/org/openjfx/javafx-media/21.0.6/javafx-media-21.0.6-mac-aarch64.jar:/Users/saaad/.m2/repository/org/junit/jupiter/junit-jupiter-api/5.12.1/junit-jupiter-api-5.12.1.jar:/Users/saaad/.m2/repository/org/opentest4j/opentest4j/1.3.0/opentest4j-1.3.0.jar:/Users/saaad/.m2/repository/org/junit/platform/junit-platform-commons/1.12.1/junit-platform-commons-1.12.1.jar:/Users/saaad/.m2/repository/org/apiguardian/apiguardian-api/1.1.2/apiguardian-api-1.1.2.jar:/Users/saaad/.m2/repository/org/junit/jupiter/junit-jupiter-engine/5.12.1/junit-jupiter-engine-5.12.1.jar:/Users/saaad/.m2/repository/org/junit/platform/junit-platform-engine/1.12.1/junit-platform-engine-1.12.1.jar
Launcher Type: SUN_STANDARD

[Global flags]
     intx CICompilerCount                          = 4                                         {product} {ergonomic}
     uint ConcGCThreads                            = 2                                         {product} {ergonomic}
     uint G1ConcRefinementThreads                  = 8                                         {product} {ergonomic}
   size_t G1HeapRegionSize                         = 1048576                                   {product} {ergonomic}
   size_t InitialHeapSize                          = 134217728                                 {product} {ergonomic}
   size_t MarkStackSize                            = 4194304                                   {product} {ergonomic}
   size_t MarkStackSizeMax                         = 536870912                                 {product} {ergonomic}
   size_t MaxHeapSize                              = 2147483648                                {product} {ergonomic}
   size_t MaxNewSize                               = 1287651328                                {product} {ergonomic}
   size_t MinHeapDeltaBytes                        = 1048576                                   {product} {ergonomic}
   size_t MinHeapSize                              = 8388608                                   {product} {ergonomic}
    uintx NonNMethodCodeHeapSize                   = 5832704                                {pd product} {ergonomic}
    uintx NonProfiledCodeHeapSize                  = 122929152                              {pd product} {ergonomic}
    uintx ProfiledCodeHeapSize                     = 122896384                              {pd product} {ergonomic}
    uintx ReservedCodeCacheSize                    = 251658240                              {pd product} {ergonomic}
     bool SegmentedCodeCache                       = true                                      {product} {ergonomic}
   size_t SoftMaxHeapSize                          = 2147483648                             {manageable} {ergonomic}
     bool UseCompressedOops                        = true                           {product lp64_product} {ergonomic}
     bool UseG1GC                                  = true                                      {product} {ergonomic}
     bool UseNUMA                                  = false                                     {product} {ergonomic}
     bool UseNUMAInterleaving                      = false                                     {product} {ergonomic}

Logging:
Log output configuration:
 #0: stdout all=warning uptime,level,tags foldmultilines=false
 #1: stderr all=off uptime,level,tags foldmultilines=false

Environment Variables:
PATH=/opt/anaconda3/bin:/opt/anaconda3/condabin:/Users/saaad/.cabal/bin:/Users/saaad/.ghcup/bin:/usr/local/bin:/System/Cryptexes/App/usr/bin:/usr/bin:/bin:/usr/sbin:/sbin:/var/run/com.apple.security.cryptexd/codex.system/bootstrap/usr/local/bin:/var/run/com.apple.security.cryptexd/codex.system/bootstrap/usr/bin:/var/run/com.apple.security.cryptexd/codex.system/bootstrap/usr/appleinternal/bin:/Library/Apple/usr/bin:/opt/homebrew/bin:/Users/saaad/Library/Application Support/JetBrains/Toolbox/scripts
SHELL=/bin/zsh
LC_CTYPE=en_GB.UTF-8
TMPDIR=/var/folders/pm/0_qhycgn1c1dy16zxx8crj500000gn/T/

Active Locale:
LC_ALL=C/en_GB.UTF-8/C/C/C/C
LC_COLLATE=C
LC_CTYPE=en_GB.UTF-8
LC_MESSAGES=C
LC_MONETARY=C
LC_NUMERIC=C
LC_TIME=C

Signal Handlers:
   SIGSEGV: crash_handler in libjvm.dylib, mask=11100110000111110111111111111111, flags=SA_ONSTACK|SA_RESTART|SA_SIGINFO, unblocked
    SIGBUS: crash_handler in libjvm.dylib, mask=11100110000111110111111111111111, flags=SA_RESTART|SA_SIGINFO, unblocked
    SIGFPE: crash_handler in libjvm.dylib, mask=11100110000111110111111111111111, flags=SA_RESTART|SA_SIGINFO, unblocked
   SIGPIPE: javaSignalHandler in libjvm.dylib, mask=11100110000111110111111111111111, flags=SA_RESTART|SA_SIGINFO, blocked
   SIGXFSZ: javaSignalHandler in libjvm.dylib, mask=11100110000111110111111111111111, flags=SA_RESTART|SA_SIGINFO, blocked
    SIGILL: crash_handler in libjvm.dylib, mask=11100110000111110111111111111111, flags=SA_RESTART|SA_SIGINFO, unblocked
   SIGUSR2: SR_handler in libjvm.dylib, mask=00000000000000000000000000000000, flags=SA_RESTART|SA_SIGINFO, blocked
    SIGHUP: UserHandler in libjvm.dylib, mask=11100110000111110111111111111111, flags=SA_RESTART|SA_SIGINFO, blocked
    SIGINT: UserHandler in libjvm.dylib, mask=11100110000111110111111111111111, flags=SA_RESTART|SA_SIGINFO, blocked
   SIGTERM: UserHandler in libjvm.dylib, mask=11100110000111110111111111111111, flags=SA_RESTART|SA_SIGINFO, blocked
   SIGQUIT: UserHandler in libjvm.dylib, mask=11100110000111110111111111111111, flags=SA_RESTART|SA_SIGINFO, blocked
   SIGTRAP: crash_handler in libjvm.dylib, mask=11100110000111110111111111111111, flags=SA_RESTART|SA_SIGINFO, unblocked


Periodic native trim disabled

---------------  S Y S T E M  ---------------

OS:
uname: Darwin 24.6.0 Darwin Kernel Version 24.6.0: Mon Jul 14 11:29:54 PDT 2025; root:xnu-11417.140.69~1/RELEASE_ARM64_T8122 arm64
OS uptime: 0 days 7:17 hours
rlimit (soft/hard): STACK 8176k/65520k , CORE 0k/infinity , NPROC 1333/2000 , NOFILE 2147483647/infinity , AS infinity/infinity , CPU infinity/infinity , DATA infinity/infinity , FSIZE infinity/infinity , MEMLOCK infinity/infinity , RSS infinity/infinity
load average: 2.15 2.73 3.14

CPU: total 8 (initial active 8) 0x61:0x0:0xfa33415e:0, fp, asimd, aes, pmull, sha1, sha256, crc32, lse, sha3, sha512
machdep.cpu.brand_string:Apple M3
hw.cachelinesize:128
hw.l1icachesize:131072
hw.l1dcachesize:65536
hw.l2cachesize:4194304

Memory: 16k page, physical 8388608k(194816k free), swap 2097152k(582336k free)

vm_info: Java HotSpot(TM) 64-Bit Server VM (23.0.2+7-58) for bsd-aarch64 JRE (23.0.2+7-58), built on 2024-11-29T09:34:55Z with clang Apple LLVM 14.0.3 (clang-1403.0.22.14.1)

END.
